,imageUrl,productId
0,"https://images.unsplash.com/photo-1505693416388-ac5ce068fe85?ixlib=rb-4.0.3&ixid=MnwxMjA3fDB8MHxzZWFyY2h8M3x8YmVkfGVufDB8fDB8fA%3D%3D&auto=format&fit=crop&w=500&q=60, https://images.unsplash.com/photo-1552650272-b8a34e21bc4b?ixlib=rb-4.0.3&ixid=MnwxMjA3fDB8MHxzZWFyY2h8MTh8fGJlZHxlbnwwfHwwfHw%3D&auto=format&fit=crop&w=500&q=60, https://images.unsplash.com/photo-1582582621959-48d27397dc69?ixlib=rb-4.0.3&ixid=MnwxMjA3fDB8MHxzZWFyY2h8OHx8YmVkfGVufDB8fDB8fA%3D%3D&auto=format&fit=crop&w=500&q=60, https://images.unsplash.com/photo-1522771739844-6a9f6d5f14af?ixlib=rb-4.0.3&ixid=MnwxMjA3fDB8MHxzZWFyY2h8MTR8fGJlZHxlbnwwfHwwfHw%3D&auto=format&fit=crop&w=500&q=60",1
1,"https://images.unsplash.com/photo-1505693416388-ac5ce068fe85?ixlib=rb-4.0.3&ixid=MnwxMjA3fDB8MHxzZWFyY2h8M3x8YmVkfGVufDB8fDB8fA%3D%3D&auto=format&fit=crop&w=500&q=60, https://images.unsplash.com/photo-1552650272-b8a34e21bc4b?ixlib=rb-4.0.3&ixid=MnwxMjA3fDB8MHxzZWFyY2h8MTh8fGJlZHxlbnwwfHwwfHw%3D&auto=format&fit=crop&w=500&q=60, https://images.unsplash.com/photo-1582582621959-48d27397dc69?ixlib=rb-4.0.3&ixid=MnwxMjA3fDB8MHxzZWFyY2h8OHx8YmVkfGVufDB8fDB8fA%3D%3D&auto=format&fit=crop&w=500&q=60, https://images.unsplash.com/photo-1522771739844-6a9f6d5f14af?ixlib=rb-4.0.3&ixid=MnwxMjA3fDB8MHxzZWFyY2h8MTR8fGJlZHxlbnwwfHwwfHw%3D&auto=format&fit=crop&w=500&q=60",2
2,"https://images.unsplash.com/photo-1505693416388-ac5ce068fe85?ixlib=rb-4.0.3&ixid=MnwxMjA3fDB8MHxzZWFyY2h8M3x8YmVkfGVufDB8fDB8fA%3D%3D&auto=format&fit=crop&w=500&q=60, https://images.unsplash.com/photo-1552650272-b8a34e21bc4b?ixlib=rb-4.0.3&ixid=MnwxMjA3fDB8MHxzZWFyY2h8MTh8fGJlZHxlbnwwfHwwfHw%3D&auto=format&fit=crop&w=500&q=60, https://images.unsplash.com/photo-1582582621959-48d27397dc69?ixlib=rb-4.0.3&ixid=MnwxMjA3fDB8MHxzZWFyY2h8OHx8YmVkfGVufDB8fDB8fA%3D%3D&auto=format&fit=crop&w=500&q=60, https://images.unsplash.com/photo-1522771739844-6a9f6d5f14af?ixlib=rb-4.0.3&ixid=MnwxMjA3fDB8MHxzZWFyY2h8MTR8fGJlZHxlbnwwfHwwfHw%3D&auto=format&fit=crop&w=500&q=60",3
3,"https://images.unsplash.com/photo-1505693416388-ac5ce068fe85?ixlib=rb-4.0.3&ixid=MnwxMjA3fDB8MHxzZWFyY2h8M3x8YmVkfGVufDB8fDB8fA%3D%3D&auto=format&fit=crop&w=500&q=60, https://images.unsplash.com/photo-1552650272-b8a34e21bc4b?ixlib=rb-4.0.3&ixid=MnwxMjA3fDB8MHxzZWFyY2h8MTh8fGJlZHxlbnwwfHwwfHw%3D&auto=format&fit=crop&w=500&q=60, https://images.unsplash.com/photo-1582582621959-48d27397dc69?ixlib=rb-4.0.3&ixid=MnwxMjA3fDB8MHxzZWFyY2h8OHx8YmVkfGVufDB8fDB8fA%3D%3D&auto=format&fit=crop&w=500&q=60, https://images.unsplash.com/photo-1522771739844-6a9f6d5f14af?ixlib=rb-4.0.3&ixid=MnwxMjA3fDB8MHxzZWFyY2h8MTR8fGJlZHxlbnwwfHwwfHw%3D&auto=format&fit=crop&w=500&q=60",4
4,"https://images.unsplash.com/photo-1505693416388-ac5ce068fe85?ixlib=rb-4.0.3&ixid=MnwxMjA3fDB8MHxzZWFyY2h8M3x8YmVkfGVufDB8fDB8fA%3D%3D&auto=format&fit=crop&w=500&q=60, https://images.unsplash.com/photo-1552650272-b8a34e21bc4b?ixlib=rb-4.0.3&ixid=MnwxMjA3fDB8MHxzZWFyY2h8MTh8fGJlZHxlbnwwfHwwfHw%3D&auto=format&fit=crop&w=500&q=60, https://images.unsplash.com/photo-1582582621959-48d27397dc69?ixlib=rb-4.0.3&ixid=MnwxMjA3fDB8MHxzZWFyY2h8OHx8YmVkfGVufDB8fDB8fA%3D%3D&auto=format&fit=crop&w=500&q=60, https://images.unsplash.com/photo-1522771739844-6a9f6d5f14af?ixlib=rb-4.0.3&ixid=MnwxMjA3fDB8MHxzZWFyY2h8MTR8fGJlZHxlbnwwfHwwfHw%3D&auto=format&fit=crop&w=500&q=60",5
5,"https://images.unsplash.com/photo-1505693416388-ac5ce068fe85?ixlib=rb-4.0.3&ixid=MnwxMjA3fDB8MHxzZWFyY2h8M3x8YmVkfGVufDB8fDB8fA%3D%3D&auto=format&fit=crop&w=500&q=60, https://images.unsplash.com/photo-1552650272-b8a34e21bc4b?ixlib=rb-4.0.3&ixid=MnwxMjA3fDB8MHxzZWFyY2h8MTh8fGJlZHxlbnwwfHwwfHw%3D&auto=format&fit=crop&w=500&q=60, https://images.unsplash.com/photo-1582582621959-48d27397dc69?ixlib=rb-4.0.3&ixid=MnwxMjA3fDB8MHxzZWFyY2h8OHx8YmVkfGVufDB8fDB8fA%3D%3D&auto=format&fit=crop&w=500&q=60, https://images.unsplash.com/photo-1522771739844-6a9f6d5f14af?ixlib=rb-4.0.3&ixid=MnwxMjA3fDB8MHxzZWFyY2h8MTR8fGJlZHxlbnwwfHwwfHw%3D&auto=format&fit=crop&w=500&q=60",6
6,"https://images.unsplash.com/photo-1505693416388-ac5ce068fe85?ixlib=rb-4.0.3&ixid=MnwxMjA3fDB8MHxzZWFyY2h8M3x8YmVkfGVufDB8fDB8fA%3D%3D&auto=format&fit=crop&w=500&q=60, https://images.unsplash.com/photo-1552650272-b8a34e21bc4b?ixlib=rb-4.0.3&ixid=MnwxMjA3fDB8MHxzZWFyY2h8MTh8fGJlZHxlbnwwfHwwfHw%3D&auto=format&fit=crop&w=500&q=60, https://images.unsplash.com/photo-1582582621959-48d27397dc69?ixlib=rb-4.0.3&ixid=MnwxMjA3fDB8MHxzZWFyY2h8OHx8YmVkfGVufDB8fDB8fA%3D%3D&auto=format&fit=crop&w=500&q=60, https://images.unsplash.com/photo-1522771739844-6a9f6d5f14af?ixlib=rb-4.0.3&ixid=MnwxMjA3fDB8MHxzZWFyY2h8MTR8fGJlZHxlbnwwfHwwfHw%3D&auto=format&fit=crop&w=500&q=60",7
7,"https://images.unsplash.com/photo-1505693416388-ac5ce068fe85?ixlib=rb-4.0.3&ixid=MnwxMjA3fDB8MHxzZWFyY2h8M3x8YmVkfGVufDB8fDB8fA%3D%3D&auto=format&fit=crop&w=500&q=60, https://images.unsplash.com/photo-1552650272-b8a34e21bc4b?ixlib=rb-4.0.3&ixid=MnwxMjA3fDB8MHxzZWFyY2h8MTh8fGJlZHxlbnwwfHwwfHw%3D&auto=format&fit=crop&w=500&q=60, https://images.unsplash.com/photo-1582582621959-48d27397dc69?ixlib=rb-4.0.3&ixid=MnwxMjA3fDB8MHxzZWFyY2h8OHx8YmVkfGVufDB8fDB8fA%3D%3D&auto=format&fit=crop&w=500&q=60, https://images.unsplash.com/photo-1522771739844-6a9f6d5f14af?ixlib=rb-4.0.3&ixid=MnwxMjA3fDB8MHxzZWFyY2h8MTR8fGJlZHxlbnwwfHwwfHw%3D&auto=format&fit=crop&w=500&q=60",8
8,"https://images.unsplash.com/photo-1505693416388-ac5ce068fe85?ixlib=rb-4.0.3&ixid=MnwxMjA3fDB8MHxzZWFyY2h8M3x8YmVkfGVufDB8fDB8fA%3D%3D&auto=format&fit=crop&w=500&q=60, https://images.unsplash.com/photo-1552650272-b8a34e21bc4b?ixlib=rb-4.0.3&ixid=MnwxMjA3fDB8MHxzZWFyY2h8MTh8fGJlZHxlbnwwfHwwfHw%3D&auto=format&fit=crop&w=500&q=60, https://images.unsplash.com/photo-1582582621959-48d27397dc69?ixlib=rb-4.0.3&ixid=MnwxMjA3fDB8MHxzZWFyY2h8OHx8YmVkfGVufDB8fDB8fA%3D%3D&auto=format&fit=crop&w=500&q=60, https://images.unsplash.com/photo-1522771739844-6a9f6d5f14af?ixlib=rb-4.0.3&ixid=MnwxMjA3fDB8MHxzZWFyY2h8MTR8fGJlZHxlbnwwfHwwfHw%3D&auto=format&fit=crop&w=500&q=60",9
9,"https://images.unsplash.com/photo-1505693416388-ac5ce068fe85?ixlib=rb-4.0.3&ixid=MnwxMjA3fDB8MHxzZWFyY2h8M3x8YmVkfGVufDB8fDB8fA%3D%3D&auto=format&fit=crop&w=500&q=60, https://images.unsplash.com/photo-1552650272-b8a34e21bc4b?ixlib=rb-4.0.3&ixid=MnwxMjA3fDB8MHxzZWFyY2h8MTh8fGJlZHxlbnwwfHwwfHw%3D&auto=format&fit=crop&w=500&q=60, https://images.unsplash.com/photo-1582582621959-48d27397dc69?ixlib=rb-4.0.3&ixid=MnwxMjA3fDB8MHxzZWFyY2h8OHx8YmVkfGVufDB8fDB8fA%3D%3D&auto=format&fit=crop&w=500&q=60, https://images.unsplash.com/photo-1522771739844-6a9f6d5f14af?ixlib=rb-4.0.3&ixid=MnwxMjA3fDB8MHxzZWFyY2h8MTR8fGJlZHxlbnwwfHwwfHw%3D&auto=format&fit=crop&w=500&q=60",10
10,"https://images.unsplash.com/photo-1505693416388-ac5ce068fe85?ixlib=rb-4.0.3&ixid=MnwxMjA3fDB8MHxzZWFyY2h8M3x8YmVkfGVufDB8fDB8fA%3D%3D&auto=format&fit=crop&w=500&q=60, https://images.unsplash.com/photo-1552650272-b8a34e21bc4b?ixlib=rb-4.0.3&ixid=MnwxMjA3fDB8MHxzZWFyY2h8MTh8fGJlZHxlbnwwfHwwfHw%3D&auto=format&fit=crop&w=500&q=60, https://images.unsplash.com/photo-1582582621959-48d27397dc69?ixlib=rb-4.0.3&ixid=MnwxMjA3fDB8MHxzZWFyY2h8OHx8YmVkfGVufDB8fDB8fA%3D%3D&auto=format&fit=crop&w=500&q=60, https://images.unsplash.com/photo-1522771739844-6a9f6d5f14af?ixlib=rb-4.0.3&ixid=MnwxMjA3fDB8MHxzZWFyY2h8MTR8fGJlZHxlbnwwfHwwfHw%3D&auto=format&fit=crop&w=500&q=60",11
11,"https://images.unsplash.com/photo-1505693416388-ac5ce068fe85?ixlib=rb-4.0.3&ixid=MnwxMjA3fDB8MHxzZWFyY2h8M3x8YmVkfGVufDB8fDB8fA%3D%3D&auto=format&fit=crop&w=500&q=60, https://images.unsplash.com/photo-1552650272-b8a34e21bc4b?ixlib=rb-4.0.3&ixid=MnwxMjA3fDB8MHxzZWFyY2h8MTh8fGJlZHxlbnwwfHwwfHw%3D&auto=format&fit=crop&w=500&q=60, https://images.unsplash.com/photo-1582582621959-48d27397dc69?ixlib=rb-4.0.3&ixid=MnwxMjA3fDB8MHxzZWFyY2h8OHx8YmVkfGVufDB8fDB8fA%3D%3D&auto=format&fit=crop&w=500&q=60, https://images.unsplash.com/photo-1522771739844-6a9f6d5f14af?ixlib=rb-4.0.3&ixid=MnwxMjA3fDB8MHxzZWFyY2h8MTR8fGJlZHxlbnwwfHwwfHw%3D&auto=format&fit=crop&w=500&q=60",12
12,"https://images.unsplash.com/photo-1505693416388-ac5ce068fe85?ixlib=rb-4.0.3&ixid=MnwxMjA3fDB8MHxzZWFyY2h8M3x8YmVkfGVufDB8fDB8fA%3D%3D&auto=format&fit=crop&w=500&q=60, https://images.unsplash.com/photo-1552650272-b8a34e21bc4b?ixlib=rb-4.0.3&ixid=MnwxMjA3fDB8MHxzZWFyY2h8MTh8fGJlZHxlbnwwfHwwfHw%3D&auto=format&fit=crop&w=500&q=60, https://images.unsplash.com/photo-1582582621959-48d27397dc69?ixlib=rb-4.0.3&ixid=MnwxMjA3fDB8MHxzZWFyY2h8OHx8YmVkfGVufDB8fDB8fA%3D%3D&auto=format&fit=crop&w=500&q=60, https://images.unsplash.com/photo-1522771739844-6a9f6d5f14af?ixlib=rb-4.0.3&ixid=MnwxMjA3fDB8MHxzZWFyY2h8MTR8fGJlZHxlbnwwfHwwfHw%3D&auto=format&fit=crop&w=500&q=60",13
13,"https://images.unsplash.com/photo-1505693416388-ac5ce068fe85?ixlib=rb-4.0.3&ixid=MnwxMjA3fDB8MHxzZWFyY2h8M3x8YmVkfGVufDB8fDB8fA%3D%3D&auto=format&fit=crop&w=500&q=60, https://images.unsplash.com/photo-1552650272-b8a34e21bc4b?ixlib=rb-4.0.3&ixid=MnwxMjA3fDB8MHxzZWFyY2h8MTh8fGJlZHxlbnwwfHwwfHw%3D&auto=format&fit=crop&w=500&q=60, https://images.unsplash.com/photo-1582582621959-48d27397dc69?ixlib=rb-4.0.3&ixid=MnwxMjA3fDB8MHxzZWFyY2h8OHx8YmVkfGVufDB8fDB8fA%3D%3D&auto=format&fit=crop&w=500&q=60, https://images.unsplash.com/photo-1522771739844-6a9f6d5f14af?ixlib=rb-4.0.3&ixid=MnwxMjA3fDB8MHxzZWFyY2h8MTR8fGJlZHxlbnwwfHwwfHw%3D&auto=format&fit=crop&w=500&q=60",14
14,"https://images.unsplash.com/photo-1505693416388-ac5ce068fe85?ixlib=rb-4.0.3&ixid=MnwxMjA3fDB8MHxzZWFyY2h8M3x8YmVkfGVufDB8fDB8fA%3D%3D&auto=format&fit=crop&w=500&q=60, https://images.unsplash.com/photo-1552650272-b8a34e21bc4b?ixlib=rb-4.0.3&ixid=MnwxMjA3fDB8MHxzZWFyY2h8MTh8fGJlZHxlbnwwfHwwfHw%3D&auto=format&fit=crop&w=500&q=60, https://images.unsplash.com/photo-1582582621959-48d27397dc69?ixlib=rb-4.0.3&ixid=MnwxMjA3fDB8MHxzZWFyY2h8OHx8YmVkfGVufDB8fDB8fA%3D%3D&auto=format&fit=crop&w=500&q=60, https://images.unsplash.com/photo-1522771739844-6a9f6d5f14af?ixlib=rb-4.0.3&ixid=MnwxMjA3fDB8MHxzZWFyY2h8MTR8fGJlZHxlbnwwfHwwfHw%3D&auto=format&fit=crop&w=500&q=60",15
15,"https://images.unsplash.com/photo-1505693416388-ac5ce068fe85?ixlib=rb-4.0.3&ixid=MnwxMjA3fDB8MHxzZWFyY2h8M3x8YmVkfGVufDB8fDB8fA%3D%3D&auto=format&fit=crop&w=500&q=60, https://images.unsplash.com/photo-1552650272-b8a34e21bc4b?ixlib=rb-4.0.3&ixid=MnwxMjA3fDB8MHxzZWFyY2h8MTh8fGJlZHxlbnwwfHwwfHw%3D&auto=format&fit=crop&w=500&q=60, https://images.unsplash.com/photo-1582582621959-48d27397dc69?ixlib=rb-4.0.3&ixid=MnwxMjA3fDB8MHxzZWFyY2h8OHx8YmVkfGVufDB8fDB8fA%3D%3D&auto=format&fit=crop&w=500&q=60, https://images.unsplash.com/photo-1522771739844-6a9f6d5f14af?ixlib=rb-4.0.3&ixid=MnwxMjA3fDB8MHxzZWFyY2h8MTR8fGJlZHxlbnwwfHwwfHw%3D&auto=format&fit=crop&w=500&q=60",16
16,"https://images.unsplash.com/photo-1505693416388-ac5ce068fe85?ixlib=rb-4.0.3&ixid=MnwxMjA3fDB8MHxzZWFyY2h8M3x8YmVkfGVufDB8fDB8fA%3D%3D&auto=format&fit=crop&w=500&q=60, https://images.unsplash.com/photo-1552650272-b8a34e21bc4b?ixlib=rb-4.0.3&ixid=MnwxMjA3fDB8MHxzZWFyY2h8MTh8fGJlZHxlbnwwfHwwfHw%3D&auto=format&fit=crop&w=500&q=60, https://images.unsplash.com/photo-1582582621959-48d27397dc69?ixlib=rb-4.0.3&ixid=MnwxMjA3fDB8MHxzZWFyY2h8OHx8YmVkfGVufDB8fDB8fA%3D%3D&auto=format&fit=crop&w=500&q=60, https://images.unsplash.com/photo-1522771739844-6a9f6d5f14af?ixlib=rb-4.0.3&ixid=MnwxMjA3fDB8MHxzZWFyY2h8MTR8fGJlZHxlbnwwfHwwfHw%3D&auto=format&fit=crop&w=500&q=60",17
17,"https://images.unsplash.com/photo-1505693416388-ac5ce068fe85?ixlib=rb-4.0.3&ixid=MnwxMjA3fDB8MHxzZWFyY2h8M3x8YmVkfGVufDB8fDB8fA%3D%3D&auto=format&fit=crop&w=500&q=60, https://images.unsplash.com/photo-1552650272-b8a34e21bc4b?ixlib=rb-4.0.3&ixid=MnwxMjA3fDB8MHxzZWFyY2h8MTh8fGJlZHxlbnwwfHwwfHw%3D&auto=format&fit=crop&w=500&q=60, https://images.unsplash.com/photo-1582582621959-48d27397dc69?ixlib=rb-4.0.3&ixid=MnwxMjA3fDB8MHxzZWFyY2h8OHx8YmVkfGVufDB8fDB8fA%3D%3D&auto=format&fit=crop&w=500&q=60, https://images.unsplash.com/photo-1522771739844-6a9f6d5f14af?ixlib=rb-4.0.3&ixid=MnwxMjA3fDB8MHxzZWFyY2h8MTR8fGJlZHxlbnwwfHwwfHw%3D&auto=format&fit=crop&w=500&q=60",18
18,"https://images.unsplash.com/photo-1505693416388-ac5ce068fe85?ixlib=rb-4.0.3&ixid=MnwxMjA3fDB8MHxzZWFyY2h8M3x8YmVkfGVufDB8fDB8fA%3D%3D&auto=format&fit=crop&w=500&q=60, https://images.unsplash.com/photo-1552650272-b8a34e21bc4b?ixlib=rb-4.0.3&ixid=MnwxMjA3fDB8MHxzZWFyY2h8MTh8fGJlZHxlbnwwfHwwfHw%3D&auto=format&fit=crop&w=500&q=60, https://images.unsplash.com/photo-1582582621959-48d27397dc69?ixlib=rb-4.0.3&ixid=MnwxMjA3fDB8MHxzZWFyY2h8OHx8YmVkfGVufDB8fDB8fA%3D%3D&auto=format&fit=crop&w=500&q=60, https://images.unsplash.com/photo-1522771739844-6a9f6d5f14af?ixlib=rb-4.0.3&ixid=MnwxMjA3fDB8MHxzZWFyY2h8MTR8fGJlZHxlbnwwfHwwfHw%3D&auto=format&fit=crop&w=500&q=60",19
19,"https://images.unsplash.com/photo-1505693416388-ac5ce068fe85?ixlib=rb-4.0.3&ixid=MnwxMjA3fDB8MHxzZWFyY2h8M3x8YmVkfGVufDB8fDB8fA%3D%3D&auto=format&fit=crop&w=500&q=60, https://images.unsplash.com/photo-1552650272-b8a34e21bc4b?ixlib=rb-4.0.3&ixid=MnwxMjA3fDB8MHxzZWFyY2h8MTh8fGJlZHxlbnwwfHwwfHw%3D&auto=format&fit=crop&w=500&q=60, https://images.unsplash.com/photo-1582582621959-48d27397dc69?ixlib=rb-4.0.3&ixid=MnwxMjA3fDB8MHxzZWFyY2h8OHx8YmVkfGVufDB8fDB8fA%3D%3D&auto=format&fit=crop&w=500&q=60, https://images.unsplash.com/photo-1522771739844-6a9f6d5f14af?ixlib=rb-4.0.3&ixid=MnwxMjA3fDB8MHxzZWFyY2h8MTR8fGJlZHxlbnwwfHwwfHw%3D&auto=format&fit=crop&w=500&q=60",20
20,"https://images.unsplash.com/photo-1505693416388-ac5ce068fe85?ixlib=rb-4.0.3&ixid=MnwxMjA3fDB8MHxzZWFyY2h8M3x8YmVkfGVufDB8fDB8fA%3D%3D&auto=format&fit=crop&w=500&q=60, https://images.unsplash.com/photo-1552650272-b8a34e21bc4b?ixlib=rb-4.0.3&ixid=MnwxMjA3fDB8MHxzZWFyY2h8MTh8fGJlZHxlbnwwfHwwfHw%3D&auto=format&fit=crop&w=500&q=60, https://images.unsplash.com/photo-1582582621959-48d27397dc69?ixlib=rb-4.0.3&ixid=MnwxMjA3fDB8MHxzZWFyY2h8OHx8YmVkfGVufDB8fDB8fA%3D%3D&auto=format&fit=crop&w=500&q=60, https://images.unsplash.com/photo-1522771739844-6a9f6d5f14af?ixlib=rb-4.0.3&ixid=MnwxMjA3fDB8MHxzZWFyY2h8MTR8fGJlZHxlbnwwfHwwfHw%3D&auto=format&fit=crop&w=500&q=60",21
21,"https://images.unsplash.com/photo-1505693416388-ac5ce068fe85?ixlib=rb-4.0.3&ixid=MnwxMjA3fDB8MHxzZWFyY2h8M3x8YmVkfGVufDB8fDB8fA%3D%3D&auto=format&fit=crop&w=500&q=60, https://images.unsplash.com/photo-1552650272-b8a34e21bc4b?ixlib=rb-4.0.3&ixid=MnwxMjA3fDB8MHxzZWFyY2h8MTh8fGJlZHxlbnwwfHwwfHw%3D&auto=format&fit=crop&w=500&q=60, https://images.unsplash.com/photo-1582582621959-48d27397dc69?ixlib=rb-4.0.3&ixid=MnwxMjA3fDB8MHxzZWFyY2h8OHx8YmVkfGVufDB8fDB8fA%3D%3D&auto=format&fit=crop&w=500&q=60, https://images.unsplash.com/photo-1522771739844-6a9f6d5f14af?ixlib=rb-4.0.3&ixid=MnwxMjA3fDB8MHxzZWFyY2h8MTR8fGJlZHxlbnwwfHwwfHw%3D&auto=format&fit=crop&w=500&q=60",22
22,"https://images.unsplash.com/photo-1505693416388-ac5ce068fe85?ixlib=rb-4.0.3&ixid=MnwxMjA3fDB8MHxzZWFyY2h8M3x8YmVkfGVufDB8fDB8fA%3D%3D&auto=format&fit=crop&w=500&q=60, https://images.unsplash.com/photo-1552650272-b8a34e21bc4b?ixlib=rb-4.0.3&ixid=MnwxMjA3fDB8MHxzZWFyY2h8MTh8fGJlZHxlbnwwfHwwfHw%3D&auto=format&fit=crop&w=500&q=60, https://images.unsplash.com/photo-1582582621959-48d27397dc69?ixlib=rb-4.0.3&ixid=MnwxMjA3fDB8MHxzZWFyY2h8OHx8YmVkfGVufDB8fDB8fA%3D%3D&auto=format&fit=crop&w=500&q=60, https://images.unsplash.com/photo-1522771739844-6a9f6d5f14af?ixlib=rb-4.0.3&ixid=MnwxMjA3fDB8MHxzZWFyY2h8MTR8fGJlZHxlbnwwfHwwfHw%3D&auto=format&fit=crop&w=500&q=60",23
23,"https://images.unsplash.com/photo-1505693416388-ac5ce068fe85?ixlib=rb-4.0.3&ixid=MnwxMjA3fDB8MHxzZWFyY2h8M3x8YmVkfGVufDB8fDB8fA%3D%3D&auto=format&fit=crop&w=500&q=60, https://images.unsplash.com/photo-1552650272-b8a34e21bc4b?ixlib=rb-4.0.3&ixid=MnwxMjA3fDB8MHxzZWFyY2h8MTh8fGJlZHxlbnwwfHwwfHw%3D&auto=format&fit=crop&w=500&q=60, https://images.unsplash.com/photo-1582582621959-48d27397dc69?ixlib=rb-4.0.3&ixid=MnwxMjA3fDB8MHxzZWFyY2h8OHx8YmVkfGVufDB8fDB8fA%3D%3D&auto=format&fit=crop&w=500&q=60, https://images.unsplash.com/photo-1522771739844-6a9f6d5f14af?ixlib=rb-4.0.3&ixid=MnwxMjA3fDB8MHxzZWFyY2h8MTR8fGJlZHxlbnwwfHwwfHw%3D&auto=format&fit=crop&w=500&q=60",24
24,"https://images.unsplash.com/photo-1505693416388-ac5ce068fe85?ixlib=rb-4.0.3&ixid=MnwxMjA3fDB8MHxzZWFyY2h8M3x8YmVkfGVufDB8fDB8fA%3D%3D&auto=format&fit=crop&w=500&q=60, https://images.unsplash.com/photo-1552650272-b8a34e21bc4b?ixlib=rb-4.0.3&ixid=MnwxMjA3fDB8MHxzZWFyY2h8MTh8fGJlZHxlbnwwfHwwfHw%3D&auto=format&fit=crop&w=500&q=60, https://images.unsplash.com/photo-1582582621959-48d27397dc69?ixlib=rb-4.0.3&ixid=MnwxMjA3fDB8MHxzZWFyY2h8OHx8YmVkfGVufDB8fDB8fA%3D%3D&auto=format&fit=crop&w=500&q=60, https://images.unsplash.com/photo-1522771739844-6a9f6d5f14af?ixlib=rb-4.0.3&ixid=MnwxMjA3fDB8MHxzZWFyY2h8MTR8fGJlZHxlbnwwfHwwfHw%3D&auto=format&fit=crop&w=500&q=60",25
25,"https://images.unsplash.com/photo-1505693416388-ac5ce068fe85?ixlib=rb-4.0.3&ixid=MnwxMjA3fDB8MHxzZWFyY2h8M3x8YmVkfGVufDB8fDB8fA%3D%3D&auto=format&fit=crop&w=500&q=60, https://images.unsplash.com/photo-1552650272-b8a34e21bc4b?ixlib=rb-4.0.3&ixid=MnwxMjA3fDB8MHxzZWFyY2h8MTh8fGJlZHxlbnwwfHwwfHw%3D&auto=format&fit=crop&w=500&q=60, https://images.unsplash.com/photo-1582582621959-48d27397dc69?ixlib=rb-4.0.3&ixid=MnwxMjA3fDB8MHxzZWFyY2h8OHx8YmVkfGVufDB8fDB8fA%3D%3D&auto=format&fit=crop&w=500&q=60, https://images.unsplash.com/photo-1522771739844-6a9f6d5f14af?ixlib=rb-4.0.3&ixid=MnwxMjA3fDB8MHxzZWFyY2h8MTR8fGJlZHxlbnwwfHwwfHw%3D&auto=format&fit=crop&w=500&q=60",26
26,"https://images.unsplash.com/photo-1499951360447-b19be8fe80f5?ixlib=rb-4.0.3&ixid=MnwxMjA3fDB8MHxzZWFyY2h8OHx8ZGVza3xlbnwwfHwwfHw%3D&auto=format&fit=crop&w=500&q=60, https://media.istockphoto.com/id/1354898581/photo/shot-of-a-young-businessman-using-a-laptop-in-a-modern-office.jpg?b=1&s=170667a&w=0&k=20&c=TH7fxRJwwlUKThNim9J9xYwH3j_Ih8m3WPTSew-Xaw4=, https://images.unsplash.com/photo-1519219788971-8d9797e0928e?ixlib=rb-4.0.3&ixid=MnwxMjA3fDB8MHxzZWFyY2h8M3x8dGFibGV8ZW58MHx8MHx8&auto=format&fit=crop&w=500&q=60, https://images.unsplash.com/photo-1437419764061-2473afe69fc2?ixlib=rb-4.0.3&ixid=MnwxMjA3fDB8MHxzZWFyY2h8MTF8fHRhYmxlfGVufDB8fDB8fA%3D%3D&auto=format&fit=crop&w=500&q=60",27
27,"https://images.unsplash.com/photo-1499951360447-b19be8fe80f5?ixlib=rb-4.0.3&ixid=MnwxMjA3fDB8MHxzZWFyY2h8OHx8ZGVza3xlbnwwfHwwfHw%3D&auto=format&fit=crop&w=500&q=60, https://media.istockphoto.com/id/1354898581/photo/shot-of-a-young-businessman-using-a-laptop-in-a-modern-office.jpg?b=1&s=170667a&w=0&k=20&c=TH7fxRJwwlUKThNim9J9xYwH3j_Ih8m3WPTSew-Xaw4=, https://images.unsplash.com/photo-1519219788971-8d9797e0928e?ixlib=rb-4.0.3&ixid=MnwxMjA3fDB8MHxzZWFyY2h8M3x8dGFibGV8ZW58MHx8MHx8&auto=format&fit=crop&w=500&q=60, https://images.unsplash.com/photo-1437419764061-2473afe69fc2?ixlib=rb-4.0.3&ixid=MnwxMjA3fDB8MHxzZWFyY2h8MTF8fHRhYmxlfGVufDB8fDB8fA%3D%3D&auto=format&fit=crop&w=500&q=60",28
28,"https://images.unsplash.com/photo-1499951360447-b19be8fe80f5?ixlib=rb-4.0.3&ixid=MnwxMjA3fDB8MHxzZWFyY2h8OHx8ZGVza3xlbnwwfHwwfHw%3D&auto=format&fit=crop&w=500&q=60, https://media.istockphoto.com/id/1354898581/photo/shot-of-a-young-businessman-using-a-laptop-in-a-modern-office.jpg?b=1&s=170667a&w=0&k=20&c=TH7fxRJwwlUKThNim9J9xYwH3j_Ih8m3WPTSew-Xaw4=, https://images.unsplash.com/photo-1519219788971-8d9797e0928e?ixlib=rb-4.0.3&ixid=MnwxMjA3fDB8MHxzZWFyY2h8M3x8dGFibGV8ZW58MHx8MHx8&auto=format&fit=crop&w=500&q=60, https://images.unsplash.com/photo-1437419764061-2473afe69fc2?ixlib=rb-4.0.3&ixid=MnwxMjA3fDB8MHxzZWFyY2h8MTF8fHRhYmxlfGVufDB8fDB8fA%3D%3D&auto=format&fit=crop&w=500&q=60",29
29,"https://images.unsplash.com/photo-1499951360447-b19be8fe80f5?ixlib=rb-4.0.3&ixid=MnwxMjA3fDB8MHxzZWFyY2h8OHx8ZGVza3xlbnwwfHwwfHw%3D&auto=format&fit=crop&w=500&q=60, https://media.istockphoto.com/id/1354898581/photo/shot-of-a-young-businessman-using-a-laptop-in-a-modern-office.jpg?b=1&s=170667a&w=0&k=20&c=TH7fxRJwwlUKThNim9J9xYwH3j_Ih8m3WPTSew-Xaw4=, https://images.unsplash.com/photo-1519219788971-8d9797e0928e?ixlib=rb-4.0.3&ixid=MnwxMjA3fDB8MHxzZWFyY2h8M3x8dGFibGV8ZW58MHx8MHx8&auto=format&fit=crop&w=500&q=60, https://images.unsplash.com/photo-1437419764061-2473afe69fc2?ixlib=rb-4.0.3&ixid=MnwxMjA3fDB8MHxzZWFyY2h8MTF8fHRhYmxlfGVufDB8fDB8fA%3D%3D&auto=format&fit=crop&w=500&q=60",30
30,"https://images.unsplash.com/photo-1499951360447-b19be8fe80f5?ixlib=rb-4.0.3&ixid=MnwxMjA3fDB8MHxzZWFyY2h8OHx8ZGVza3xlbnwwfHwwfHw%3D&auto=format&fit=crop&w=500&q=60, https://media.istockphoto.com/id/1354898581/photo/shot-of-a-young-businessman-using-a-laptop-in-a-modern-office.jpg?b=1&s=170667a&w=0&k=20&c=TH7fxRJwwlUKThNim9J9xYwH3j_Ih8m3WPTSew-Xaw4=, https://images.unsplash.com/photo-1519219788971-8d9797e0928e?ixlib=rb-4.0.3&ixid=MnwxMjA3fDB8MHxzZWFyY2h8M3x8dGFibGV8ZW58MHx8MHx8&auto=format&fit=crop&w=500&q=60, https://images.unsplash.com/photo-1437419764061-2473afe69fc2?ixlib=rb-4.0.3&ixid=MnwxMjA3fDB8MHxzZWFyY2h8MTF8fHRhYmxlfGVufDB8fDB8fA%3D%3D&auto=format&fit=crop&w=500&q=60",31
31,"https://images.unsplash.com/photo-1499951360447-b19be8fe80f5?ixlib=rb-4.0.3&ixid=MnwxMjA3fDB8MHxzZWFyY2h8OHx8ZGVza3xlbnwwfHwwfHw%3D&auto=format&fit=crop&w=500&q=60, https://media.istockphoto.com/id/1354898581/photo/shot-of-a-young-businessman-using-a-laptop-in-a-modern-office.jpg?b=1&s=170667a&w=0&k=20&c=TH7fxRJwwlUKThNim9J9xYwH3j_Ih8m3WPTSew-Xaw4=, https://images.unsplash.com/photo-1519219788971-8d9797e0928e?ixlib=rb-4.0.3&ixid=MnwxMjA3fDB8MHxzZWFyY2h8M3x8dGFibGV8ZW58MHx8MHx8&auto=format&fit=crop&w=500&q=60, https://images.unsplash.com/photo-1437419764061-2473afe69fc2?ixlib=rb-4.0.3&ixid=MnwxMjA3fDB8MHxzZWFyY2h8MTF8fHRhYmxlfGVufDB8fDB8fA%3D%3D&auto=format&fit=crop&w=500&q=60",32
32,"https://images.unsplash.com/photo-1499951360447-b19be8fe80f5?ixlib=rb-4.0.3&ixid=MnwxMjA3fDB8MHxzZWFyY2h8OHx8ZGVza3xlbnwwfHwwfHw%3D&auto=format&fit=crop&w=500&q=60, https://media.istockphoto.com/id/1354898581/photo/shot-of-a-young-businessman-using-a-laptop-in-a-modern-office.jpg?b=1&s=170667a&w=0&k=20&c=TH7fxRJwwlUKThNim9J9xYwH3j_Ih8m3WPTSew-Xaw4=, https://images.unsplash.com/photo-1519219788971-8d9797e0928e?ixlib=rb-4.0.3&ixid=MnwxMjA3fDB8MHxzZWFyY2h8M3x8dGFibGV8ZW58MHx8MHx8&auto=format&fit=crop&w=500&q=60, https://images.unsplash.com/photo-1437419764061-2473afe69fc2?ixlib=rb-4.0.3&ixid=MnwxMjA3fDB8MHxzZWFyY2h8MTF8fHRhYmxlfGVufDB8fDB8fA%3D%3D&auto=format&fit=crop&w=500&q=60",33
33,"https://images.unsplash.com/photo-1499951360447-b19be8fe80f5?ixlib=rb-4.0.3&ixid=MnwxMjA3fDB8MHxzZWFyY2h8OHx8ZGVza3xlbnwwfHwwfHw%3D&auto=format&fit=crop&w=500&q=60, https://media.istockphoto.com/id/1354898581/photo/shot-of-a-young-businessman-using-a-laptop-in-a-modern-office.jpg?b=1&s=170667a&w=0&k=20&c=TH7fxRJwwlUKThNim9J9xYwH3j_Ih8m3WPTSew-Xaw4=, https://images.unsplash.com/photo-1519219788971-8d9797e0928e?ixlib=rb-4.0.3&ixid=MnwxMjA3fDB8MHxzZWFyY2h8M3x8dGFibGV8ZW58MHx8MHx8&auto=format&fit=crop&w=500&q=60, https://images.unsplash.com/photo-1437419764061-2473afe69fc2?ixlib=rb-4.0.3&ixid=MnwxMjA3fDB8MHxzZWFyY2h8MTF8fHRhYmxlfGVufDB8fDB8fA%3D%3D&auto=format&fit=crop&w=500&q=60",34
34,"https://images.unsplash.com/photo-1499951360447-b19be8fe80f5?ixlib=rb-4.0.3&ixid=MnwxMjA3fDB8MHxzZWFyY2h8OHx8ZGVza3xlbnwwfHwwfHw%3D&auto=format&fit=crop&w=500&q=60, https://media.istockphoto.com/id/1354898581/photo/shot-of-a-young-businessman-using-a-laptop-in-a-modern-office.jpg?b=1&s=170667a&w=0&k=20&c=TH7fxRJwwlUKThNim9J9xYwH3j_Ih8m3WPTSew-Xaw4=, https://images.unsplash.com/photo-1519219788971-8d9797e0928e?ixlib=rb-4.0.3&ixid=MnwxMjA3fDB8MHxzZWFyY2h8M3x8dGFibGV8ZW58MHx8MHx8&auto=format&fit=crop&w=500&q=60, https://images.unsplash.com/photo-1437419764061-2473afe69fc2?ixlib=rb-4.0.3&ixid=MnwxMjA3fDB8MHxzZWFyY2h8MTF8fHRhYmxlfGVufDB8fDB8fA%3D%3D&auto=format&fit=crop&w=500&q=60",35
35,"https://images.unsplash.com/photo-1499951360447-b19be8fe80f5?ixlib=rb-4.0.3&ixid=MnwxMjA3fDB8MHxzZWFyY2h8OHx8ZGVza3xlbnwwfHwwfHw%3D&auto=format&fit=crop&w=500&q=60, https://media.istockphoto.com/id/1354898581/photo/shot-of-a-young-businessman-using-a-laptop-in-a-modern-office.jpg?b=1&s=170667a&w=0&k=20&c=TH7fxRJwwlUKThNim9J9xYwH3j_Ih8m3WPTSew-Xaw4=, https://images.unsplash.com/photo-1519219788971-8d9797e0928e?ixlib=rb-4.0.3&ixid=MnwxMjA3fDB8MHxzZWFyY2h8M3x8dGFibGV8ZW58MHx8MHx8&auto=format&fit=crop&w=500&q=60, https://images.unsplash.com/photo-1437419764061-2473afe69fc2?ixlib=rb-4.0.3&ixid=MnwxMjA3fDB8MHxzZWFyY2h8MTF8fHRhYmxlfGVufDB8fDB8fA%3D%3D&auto=format&fit=crop&w=500&q=60",36
36,"https://images.unsplash.com/photo-1499951360447-b19be8fe80f5?ixlib=rb-4.0.3&ixid=MnwxMjA3fDB8MHxzZWFyY2h8OHx8ZGVza3xlbnwwfHwwfHw%3D&auto=format&fit=crop&w=500&q=60, https://media.istockphoto.com/id/1354898581/photo/shot-of-a-young-businessman-using-a-laptop-in-a-modern-office.jpg?b=1&s=170667a&w=0&k=20&c=TH7fxRJwwlUKThNim9J9xYwH3j_Ih8m3WPTSew-Xaw4=, https://images.unsplash.com/photo-1519219788971-8d9797e0928e?ixlib=rb-4.0.3&ixid=MnwxMjA3fDB8MHxzZWFyY2h8M3x8dGFibGV8ZW58MHx8MHx8&auto=format&fit=crop&w=500&q=60, https://images.unsplash.com/photo-1437419764061-2473afe69fc2?ixlib=rb-4.0.3&ixid=MnwxMjA3fDB8MHxzZWFyY2h8MTF8fHRhYmxlfGVufDB8fDB8fA%3D%3D&auto=format&fit=crop&w=500&q=60",37
37,"https://images.unsplash.com/photo-1499951360447-b19be8fe80f5?ixlib=rb-4.0.3&ixid=MnwxMjA3fDB8MHxzZWFyY2h8OHx8ZGVza3xlbnwwfHwwfHw%3D&auto=format&fit=crop&w=500&q=60, https://media.istockphoto.com/id/1354898581/photo/shot-of-a-young-businessman-using-a-laptop-in-a-modern-office.jpg?b=1&s=170667a&w=0&k=20&c=TH7fxRJwwlUKThNim9J9xYwH3j_Ih8m3WPTSew-Xaw4=, https://images.unsplash.com/photo-1519219788971-8d9797e0928e?ixlib=rb-4.0.3&ixid=MnwxMjA3fDB8MHxzZWFyY2h8M3x8dGFibGV8ZW58MHx8MHx8&auto=format&fit=crop&w=500&q=60, https://images.unsplash.com/photo-1437419764061-2473afe69fc2?ixlib=rb-4.0.3&ixid=MnwxMjA3fDB8MHxzZWFyY2h8MTF8fHRhYmxlfGVufDB8fDB8fA%3D%3D&auto=format&fit=crop&w=500&q=60",38
38,"https://images.unsplash.com/photo-1499951360447-b19be8fe80f5?ixlib=rb-4.0.3&ixid=MnwxMjA3fDB8MHxzZWFyY2h8OHx8ZGVza3xlbnwwfHwwfHw%3D&auto=format&fit=crop&w=500&q=60, https://media.istockphoto.com/id/1354898581/photo/shot-of-a-young-businessman-using-a-laptop-in-a-modern-office.jpg?b=1&s=170667a&w=0&k=20&c=TH7fxRJwwlUKThNim9J9xYwH3j_Ih8m3WPTSew-Xaw4=, https://images.unsplash.com/photo-1519219788971-8d9797e0928e?ixlib=rb-4.0.3&ixid=MnwxMjA3fDB8MHxzZWFyY2h8M3x8dGFibGV8ZW58MHx8MHx8&auto=format&fit=crop&w=500&q=60, https://images.unsplash.com/photo-1437419764061-2473afe69fc2?ixlib=rb-4.0.3&ixid=MnwxMjA3fDB8MHxzZWFyY2h8MTF8fHRhYmxlfGVufDB8fDB8fA%3D%3D&auto=format&fit=crop&w=500&q=60",39
39,"https://images.unsplash.com/photo-1499951360447-b19be8fe80f5?ixlib=rb-4.0.3&ixid=MnwxMjA3fDB8MHxzZWFyY2h8OHx8ZGVza3xlbnwwfHwwfHw%3D&auto=format&fit=crop&w=500&q=60, https://media.istockphoto.com/id/1354898581/photo/shot-of-a-young-businessman-using-a-laptop-in-a-modern-office.jpg?b=1&s=170667a&w=0&k=20&c=TH7fxRJwwlUKThNim9J9xYwH3j_Ih8m3WPTSew-Xaw4=, https://images.unsplash.com/photo-1519219788971-8d9797e0928e?ixlib=rb-4.0.3&ixid=MnwxMjA3fDB8MHxzZWFyY2h8M3x8dGFibGV8ZW58MHx8MHx8&auto=format&fit=crop&w=500&q=60, https://images.unsplash.com/photo-1437419764061-2473afe69fc2?ixlib=rb-4.0.3&ixid=MnwxMjA3fDB8MHxzZWFyY2h8MTF8fHRhYmxlfGVufDB8fDB8fA%3D%3D&auto=format&fit=crop&w=500&q=60",40
40,"https://images.unsplash.com/photo-1499951360447-b19be8fe80f5?ixlib=rb-4.0.3&ixid=MnwxMjA3fDB8MHxzZWFyY2h8OHx8ZGVza3xlbnwwfHwwfHw%3D&auto=format&fit=crop&w=500&q=60, https://media.istockphoto.com/id/1354898581/photo/shot-of-a-young-businessman-using-a-laptop-in-a-modern-office.jpg?b=1&s=170667a&w=0&k=20&c=TH7fxRJwwlUKThNim9J9xYwH3j_Ih8m3WPTSew-Xaw4=, https://images.unsplash.com/photo-1519219788971-8d9797e0928e?ixlib=rb-4.0.3&ixid=MnwxMjA3fDB8MHxzZWFyY2h8M3x8dGFibGV8ZW58MHx8MHx8&auto=format&fit=crop&w=500&q=60, https://images.unsplash.com/photo-1437419764061-2473afe69fc2?ixlib=rb-4.0.3&ixid=MnwxMjA3fDB8MHxzZWFyY2h8MTF8fHRhYmxlfGVufDB8fDB8fA%3D%3D&auto=format&fit=crop&w=500&q=60",41
41,"https://images.unsplash.com/photo-1499951360447-b19be8fe80f5?ixlib=rb-4.0.3&ixid=MnwxMjA3fDB8MHxzZWFyY2h8OHx8ZGVza3xlbnwwfHwwfHw%3D&auto=format&fit=crop&w=500&q=60, https://media.istockphoto.com/id/1354898581/photo/shot-of-a-young-businessman-using-a-laptop-in-a-modern-office.jpg?b=1&s=170667a&w=0&k=20&c=TH7fxRJwwlUKThNim9J9xYwH3j_Ih8m3WPTSew-Xaw4=, https://images.unsplash.com/photo-1519219788971-8d9797e0928e?ixlib=rb-4.0.3&ixid=MnwxMjA3fDB8MHxzZWFyY2h8M3x8dGFibGV8ZW58MHx8MHx8&auto=format&fit=crop&w=500&q=60, https://images.unsplash.com/photo-1437419764061-2473afe69fc2?ixlib=rb-4.0.3&ixid=MnwxMjA3fDB8MHxzZWFyY2h8MTF8fHRhYmxlfGVufDB8fDB8fA%3D%3D&auto=format&fit=crop&w=500&q=60",42
42,"https://images.unsplash.com/photo-1499951360447-b19be8fe80f5?ixlib=rb-4.0.3&ixid=MnwxMjA3fDB8MHxzZWFyY2h8OHx8ZGVza3xlbnwwfHwwfHw%3D&auto=format&fit=crop&w=500&q=60, https://media.istockphoto.com/id/1354898581/photo/shot-of-a-young-businessman-using-a-laptop-in-a-modern-office.jpg?b=1&s=170667a&w=0&k=20&c=TH7fxRJwwlUKThNim9J9xYwH3j_Ih8m3WPTSew-Xaw4=, https://images.unsplash.com/photo-1519219788971-8d9797e0928e?ixlib=rb-4.0.3&ixid=MnwxMjA3fDB8MHxzZWFyY2h8M3x8dGFibGV8ZW58MHx8MHx8&auto=format&fit=crop&w=500&q=60, https://images.unsplash.com/photo-1437419764061-2473afe69fc2?ixlib=rb-4.0.3&ixid=MnwxMjA3fDB8MHxzZWFyY2h8MTF8fHRhYmxlfGVufDB8fDB8fA%3D%3D&auto=format&fit=crop&w=500&q=60",43
43,"https://images.unsplash.com/photo-1499951360447-b19be8fe80f5?ixlib=rb-4.0.3&ixid=MnwxMjA3fDB8MHxzZWFyY2h8OHx8ZGVza3xlbnwwfHwwfHw%3D&auto=format&fit=crop&w=500&q=60, https://media.istockphoto.com/id/1354898581/photo/shot-of-a-young-businessman-using-a-laptop-in-a-modern-office.jpg?b=1&s=170667a&w=0&k=20&c=TH7fxRJwwlUKThNim9J9xYwH3j_Ih8m3WPTSew-Xaw4=, https://images.unsplash.com/photo-1519219788971-8d9797e0928e?ixlib=rb-4.0.3&ixid=MnwxMjA3fDB8MHxzZWFyY2h8M3x8dGFibGV8ZW58MHx8MHx8&auto=format&fit=crop&w=500&q=60, https://images.unsplash.com/photo-1437419764061-2473afe69fc2?ixlib=rb-4.0.3&ixid=MnwxMjA3fDB8MHxzZWFyY2h8MTF8fHRhYmxlfGVufDB8fDB8fA%3D%3D&auto=format&fit=crop&w=500&q=60",44
44,"https://images.unsplash.com/photo-1499951360447-b19be8fe80f5?ixlib=rb-4.0.3&ixid=MnwxMjA3fDB8MHxzZWFyY2h8OHx8ZGVza3xlbnwwfHwwfHw%3D&auto=format&fit=crop&w=500&q=60, https://media.istockphoto.com/id/1354898581/photo/shot-of-a-young-businessman-using-a-laptop-in-a-modern-office.jpg?b=1&s=170667a&w=0&k=20&c=TH7fxRJwwlUKThNim9J9xYwH3j_Ih8m3WPTSew-Xaw4=, https://images.unsplash.com/photo-1519219788971-8d9797e0928e?ixlib=rb-4.0.3&ixid=MnwxMjA3fDB8MHxzZWFyY2h8M3x8dGFibGV8ZW58MHx8MHx8&auto=format&fit=crop&w=500&q=60, https://images.unsplash.com/photo-1437419764061-2473afe69fc2?ixlib=rb-4.0.3&ixid=MnwxMjA3fDB8MHxzZWFyY2h8MTF8fHRhYmxlfGVufDB8fDB8fA%3D%3D&auto=format&fit=crop&w=500&q=60",45
45,"https://images.unsplash.com/photo-1499951360447-b19be8fe80f5?ixlib=rb-4.0.3&ixid=MnwxMjA3fDB8MHxzZWFyY2h8OHx8ZGVza3xlbnwwfHwwfHw%3D&auto=format&fit=crop&w=500&q=60, https://media.istockphoto.com/id/1354898581/photo/shot-of-a-young-businessman-using-a-laptop-in-a-modern-office.jpg?b=1&s=170667a&w=0&k=20&c=TH7fxRJwwlUKThNim9J9xYwH3j_Ih8m3WPTSew-Xaw4=, https://images.unsplash.com/photo-1519219788971-8d9797e0928e?ixlib=rb-4.0.3&ixid=MnwxMjA3fDB8MHxzZWFyY2h8M3x8dGFibGV8ZW58MHx8MHx8&auto=format&fit=crop&w=500&q=60, https://images.unsplash.com/photo-1437419764061-2473afe69fc2?ixlib=rb-4.0.3&ixid=MnwxMjA3fDB8MHxzZWFyY2h8MTF8fHRhYmxlfGVufDB8fDB8fA%3D%3D&auto=format&fit=crop&w=500&q=60",46
46,"https://images.unsplash.com/photo-1499951360447-b19be8fe80f5?ixlib=rb-4.0.3&ixid=MnwxMjA3fDB8MHxzZWFyY2h8OHx8ZGVza3xlbnwwfHwwfHw%3D&auto=format&fit=crop&w=500&q=60, https://media.istockphoto.com/id/1354898581/photo/shot-of-a-young-businessman-using-a-laptop-in-a-modern-office.jpg?b=1&s=170667a&w=0&k=20&c=TH7fxRJwwlUKThNim9J9xYwH3j_Ih8m3WPTSew-Xaw4=, https://images.unsplash.com/photo-1519219788971-8d9797e0928e?ixlib=rb-4.0.3&ixid=MnwxMjA3fDB8MHxzZWFyY2h8M3x8dGFibGV8ZW58MHx8MHx8&auto=format&fit=crop&w=500&q=60, https://images.unsplash.com/photo-1437419764061-2473afe69fc2?ixlib=rb-4.0.3&ixid=MnwxMjA3fDB8MHxzZWFyY2h8MTF8fHRhYmxlfGVufDB8fDB8fA%3D%3D&auto=format&fit=crop&w=500&q=60",47
47,"https://images.unsplash.com/photo-1499951360447-b19be8fe80f5?ixlib=rb-4.0.3&ixid=MnwxMjA3fDB8MHxzZWFyY2h8OHx8ZGVza3xlbnwwfHwwfHw%3D&auto=format&fit=crop&w=500&q=60, https://media.istockphoto.com/id/1354898581/photo/shot-of-a-young-businessman-using-a-laptop-in-a-modern-office.jpg?b=1&s=170667a&w=0&k=20&c=TH7fxRJwwlUKThNim9J9xYwH3j_Ih8m3WPTSew-Xaw4=, https://images.unsplash.com/photo-1519219788971-8d9797e0928e?ixlib=rb-4.0.3&ixid=MnwxMjA3fDB8MHxzZWFyY2h8M3x8dGFibGV8ZW58MHx8MHx8&auto=format&fit=crop&w=500&q=60, https://images.unsplash.com/photo-1437419764061-2473afe69fc2?ixlib=rb-4.0.3&ixid=MnwxMjA3fDB8MHxzZWFyY2h8MTF8fHRhYmxlfGVufDB8fDB8fA%3D%3D&auto=format&fit=crop&w=500&q=60",48
48,"https://images.unsplash.com/photo-1499951360447-b19be8fe80f5?ixlib=rb-4.0.3&ixid=MnwxMjA3fDB8MHxzZWFyY2h8OHx8ZGVza3xlbnwwfHwwfHw%3D&auto=format&fit=crop&w=500&q=60, https://media.istockphoto.com/id/1354898581/photo/shot-of-a-young-businessman-using-a-laptop-in-a-modern-office.jpg?b=1&s=170667a&w=0&k=20&c=TH7fxRJwwlUKThNim9J9xYwH3j_Ih8m3WPTSew-Xaw4=, https://images.unsplash.com/photo-1519219788971-8d9797e0928e?ixlib=rb-4.0.3&ixid=MnwxMjA3fDB8MHxzZWFyY2h8M3x8dGFibGV8ZW58MHx8MHx8&auto=format&fit=crop&w=500&q=60, https://images.unsplash.com/photo-1437419764061-2473afe69fc2?ixlib=rb-4.0.3&ixid=MnwxMjA3fDB8MHxzZWFyY2h8MTF8fHRhYmxlfGVufDB8fDB8fA%3D%3D&auto=format&fit=crop&w=500&q=60",49
49,"https://images.unsplash.com/photo-1499951360447-b19be8fe80f5?ixlib=rb-4.0.3&ixid=MnwxMjA3fDB8MHxzZWFyY2h8OHx8ZGVza3xlbnwwfHwwfHw%3D&auto=format&fit=crop&w=500&q=60, https://media.istockphoto.com/id/1354898581/photo/shot-of-a-young-businessman-using-a-laptop-in-a-modern-office.jpg?b=1&s=170667a&w=0&k=20&c=TH7fxRJwwlUKThNim9J9xYwH3j_Ih8m3WPTSew-Xaw4=, https://images.unsplash.com/photo-1519219788971-8d9797e0928e?ixlib=rb-4.0.3&ixid=MnwxMjA3fDB8MHxzZWFyY2h8M3x8dGFibGV8ZW58MHx8MHx8&auto=format&fit=crop&w=500&q=60, https://images.unsplash.com/photo-1437419764061-2473afe69fc2?ixlib=rb-4.0.3&ixid=MnwxMjA3fDB8MHxzZWFyY2h8MTF8fHRhYmxlfGVufDB8fDB8fA%3D%3D&auto=format&fit=crop&w=500&q=60",50
50,"https://images.unsplash.com/photo-1499951360447-b19be8fe80f5?ixlib=rb-4.0.3&ixid=MnwxMjA3fDB8MHxzZWFyY2h8OHx8ZGVza3xlbnwwfHwwfHw%3D&auto=format&fit=crop&w=500&q=60, https://media.istockphoto.com/id/1354898581/photo/shot-of-a-young-businessman-using-a-laptop-in-a-modern-office.jpg?b=1&s=170667a&w=0&k=20&c=TH7fxRJwwlUKThNim9J9xYwH3j_Ih8m3WPTSew-Xaw4=, https://images.unsplash.com/photo-1519219788971-8d9797e0928e?ixlib=rb-4.0.3&ixid=MnwxMjA3fDB8MHxzZWFyY2h8M3x8dGFibGV8ZW58MHx8MHx8&auto=format&fit=crop&w=500&q=60, https://images.unsplash.com/photo-1437419764061-2473afe69fc2?ixlib=rb-4.0.3&ixid=MnwxMjA3fDB8MHxzZWFyY2h8MTF8fHRhYmxlfGVufDB8fDB8fA%3D%3D&auto=format&fit=crop&w=500&q=60",51
51,"https://images.unsplash.com/photo-1499951360447-b19be8fe80f5?ixlib=rb-4.0.3&ixid=MnwxMjA3fDB8MHxzZWFyY2h8OHx8ZGVza3xlbnwwfHwwfHw%3D&auto=format&fit=crop&w=500&q=60, https://media.istockphoto.com/id/1354898581/photo/shot-of-a-young-businessman-using-a-laptop-in-a-modern-office.jpg?b=1&s=170667a&w=0&k=20&c=TH7fxRJwwlUKThNim9J9xYwH3j_Ih8m3WPTSew-Xaw4=, https://images.unsplash.com/photo-1519219788971-8d9797e0928e?ixlib=rb-4.0.3&ixid=MnwxMjA3fDB8MHxzZWFyY2h8M3x8dGFibGV8ZW58MHx8MHx8&auto=format&fit=crop&w=500&q=60, https://images.unsplash.com/photo-1437419764061-2473afe69fc2?ixlib=rb-4.0.3&ixid=MnwxMjA3fDB8MHxzZWFyY2h8MTF8fHRhYmxlfGVufDB8fDB8fA%3D%3D&auto=format&fit=crop&w=500&q=60",52
52,"https://images.unsplash.com/photo-1600585152220-90363fe7e115?ixlib=rb-4.0.3&ixid=MnwxMjA3fDB8MHxzZWFyY2h8NHx8a2l0Y2hlbnxlbnwwfHwwfHw%3D&auto=format&fit=crop&w=500&q=60, https://images.unsplash.com/photo-1657299171251-2a61ea716fbf?ixlib=rb-4.0.3&ixid=MnwxMjA3fDF8MHxzZWFyY2h8MTV8fGtpdGNoZW58ZW58MHx8MHx8&auto=format&fit=crop&w=500&q=60, https://images.unsplash.com/photo-1550223026-0d6fd780c560?ixlib=rb-4.0.3&ixid=MnwxMjA3fDB8MHxzZWFyY2h8MTd8fGtpdGNoZW58ZW58MHx8MHx8&auto=format&fit=crop&w=500&q=60, https://images.unsplash.com/photo-1574739782594-db4ead022697?ixlib=rb-4.0.3&ixid=MnwxMjA3fDB8MHxzZWFyY2h8MjF8fGtpdGNoZW58ZW58MHx8MHx8&auto=format&fit=crop&w=500&q=60",53
53,"https://images.unsplash.com/photo-1600585152220-90363fe7e115?ixlib=rb-4.0.3&ixid=MnwxMjA3fDB8MHxzZWFyY2h8NHx8a2l0Y2hlbnxlbnwwfHwwfHw%3D&auto=format&fit=crop&w=500&q=60, https://images.unsplash.com/photo-1657299171251-2a61ea716fbf?ixlib=rb-4.0.3&ixid=MnwxMjA3fDF8MHxzZWFyY2h8MTV8fGtpdGNoZW58ZW58MHx8MHx8&auto=format&fit=crop&w=500&q=60, https://images.unsplash.com/photo-1550223026-0d6fd780c560?ixlib=rb-4.0.3&ixid=MnwxMjA3fDB8MHxzZWFyY2h8MTd8fGtpdGNoZW58ZW58MHx8MHx8&auto=format&fit=crop&w=500&q=60, https://images.unsplash.com/photo-1574739782594-db4ead022697?ixlib=rb-4.0.3&ixid=MnwxMjA3fDB8MHxzZWFyY2h8MjF8fGtpdGNoZW58ZW58MHx8MHx8&auto=format&fit=crop&w=500&q=60",54
54,"https://images.unsplash.com/photo-1600585152220-90363fe7e115?ixlib=rb-4.0.3&ixid=MnwxMjA3fDB8MHxzZWFyY2h8NHx8a2l0Y2hlbnxlbnwwfHwwfHw%3D&auto=format&fit=crop&w=500&q=60, https://images.unsplash.com/photo-1657299171251-2a61ea716fbf?ixlib=rb-4.0.3&ixid=MnwxMjA3fDF8MHxzZWFyY2h8MTV8fGtpdGNoZW58ZW58MHx8MHx8&auto=format&fit=crop&w=500&q=60, https://images.unsplash.com/photo-1550223026-0d6fd780c560?ixlib=rb-4.0.3&ixid=MnwxMjA3fDB8MHxzZWFyY2h8MTd8fGtpdGNoZW58ZW58MHx8MHx8&auto=format&fit=crop&w=500&q=60, https://images.unsplash.com/photo-1574739782594-db4ead022697?ixlib=rb-4.0.3&ixid=MnwxMjA3fDB8MHxzZWFyY2h8MjF8fGtpdGNoZW58ZW58MHx8MHx8&auto=format&fit=crop&w=500&q=60",55
55,"https://images.unsplash.com/photo-1600585152220-90363fe7e115?ixlib=rb-4.0.3&ixid=MnwxMjA3fDB8MHxzZWFyY2h8NHx8a2l0Y2hlbnxlbnwwfHwwfHw%3D&auto=format&fit=crop&w=500&q=60, https://images.unsplash.com/photo-1657299171251-2a61ea716fbf?ixlib=rb-4.0.3&ixid=MnwxMjA3fDF8MHxzZWFyY2h8MTV8fGtpdGNoZW58ZW58MHx8MHx8&auto=format&fit=crop&w=500&q=60, https://images.unsplash.com/photo-1550223026-0d6fd780c560?ixlib=rb-4.0.3&ixid=MnwxMjA3fDB8MHxzZWFyY2h8MTd8fGtpdGNoZW58ZW58MHx8MHx8&auto=format&fit=crop&w=500&q=60, https://images.unsplash.com/photo-1574739782594-db4ead022697?ixlib=rb-4.0.3&ixid=MnwxMjA3fDB8MHxzZWFyY2h8MjF8fGtpdGNoZW58ZW58MHx8MHx8&auto=format&fit=crop&w=500&q=60",56
56,"https://images.unsplash.com/photo-1600585152220-90363fe7e115?ixlib=rb-4.0.3&ixid=MnwxMjA3fDB8MHxzZWFyY2h8NHx8a2l0Y2hlbnxlbnwwfHwwfHw%3D&auto=format&fit=crop&w=500&q=60, https://images.unsplash.com/photo-1657299171251-2a61ea716fbf?ixlib=rb-4.0.3&ixid=MnwxMjA3fDF8MHxzZWFyY2h8MTV8fGtpdGNoZW58ZW58MHx8MHx8&auto=format&fit=crop&w=500&q=60, https://images.unsplash.com/photo-1550223026-0d6fd780c560?ixlib=rb-4.0.3&ixid=MnwxMjA3fDB8MHxzZWFyY2h8MTd8fGtpdGNoZW58ZW58MHx8MHx8&auto=format&fit=crop&w=500&q=60, https://images.unsplash.com/photo-1574739782594-db4ead022697?ixlib=rb-4.0.3&ixid=MnwxMjA3fDB8MHxzZWFyY2h8MjF8fGtpdGNoZW58ZW58MHx8MHx8&auto=format&fit=crop&w=500&q=60",57
57,"https://images.unsplash.com/photo-1600585152220-90363fe7e115?ixlib=rb-4.0.3&ixid=MnwxMjA3fDB8MHxzZWFyY2h8NHx8a2l0Y2hlbnxlbnwwfHwwfHw%3D&auto=format&fit=crop&w=500&q=60, https://images.unsplash.com/photo-1657299171251-2a61ea716fbf?ixlib=rb-4.0.3&ixid=MnwxMjA3fDF8MHxzZWFyY2h8MTV8fGtpdGNoZW58ZW58MHx8MHx8&auto=format&fit=crop&w=500&q=60, https://images.unsplash.com/photo-1550223026-0d6fd780c560?ixlib=rb-4.0.3&ixid=MnwxMjA3fDB8MHxzZWFyY2h8MTd8fGtpdGNoZW58ZW58MHx8MHx8&auto=format&fit=crop&w=500&q=60, https://images.unsplash.com/photo-1574739782594-db4ead022697?ixlib=rb-4.0.3&ixid=MnwxMjA3fDB8MHxzZWFyY2h8MjF8fGtpdGNoZW58ZW58MHx8MHx8&auto=format&fit=crop&w=500&q=60",58
58,"https://images.unsplash.com/photo-1600585152220-90363fe7e115?ixlib=rb-4.0.3&ixid=MnwxMjA3fDB8MHxzZWFyY2h8NHx8a2l0Y2hlbnxlbnwwfHwwfHw%3D&auto=format&fit=crop&w=500&q=60, https://images.unsplash.com/photo-1657299171251-2a61ea716fbf?ixlib=rb-4.0.3&ixid=MnwxMjA3fDF8MHxzZWFyY2h8MTV8fGtpdGNoZW58ZW58MHx8MHx8&auto=format&fit=crop&w=500&q=60, https://images.unsplash.com/photo-1550223026-0d6fd780c560?ixlib=rb-4.0.3&ixid=MnwxMjA3fDB8MHxzZWFyY2h8MTd8fGtpdGNoZW58ZW58MHx8MHx8&auto=format&fit=crop&w=500&q=60, https://images.unsplash.com/photo-1574739782594-db4ead022697?ixlib=rb-4.0.3&ixid=MnwxMjA3fDB8MHxzZWFyY2h8MjF8fGtpdGNoZW58ZW58MHx8MHx8&auto=format&fit=crop&w=500&q=60",59
59,"https://images.unsplash.com/photo-1600585152220-90363fe7e115?ixlib=rb-4.0.3&ixid=MnwxMjA3fDB8MHxzZWFyY2h8NHx8a2l0Y2hlbnxlbnwwfHwwfHw%3D&auto=format&fit=crop&w=500&q=60, https://images.unsplash.com/photo-1657299171251-2a61ea716fbf?ixlib=rb-4.0.3&ixid=MnwxMjA3fDF8MHxzZWFyY2h8MTV8fGtpdGNoZW58ZW58MHx8MHx8&auto=format&fit=crop&w=500&q=60, https://images.unsplash.com/photo-1550223026-0d6fd780c560?ixlib=rb-4.0.3&ixid=MnwxMjA3fDB8MHxzZWFyY2h8MTd8fGtpdGNoZW58ZW58MHx8MHx8&auto=format&fit=crop&w=500&q=60, https://images.unsplash.com/photo-1574739782594-db4ead022697?ixlib=rb-4.0.3&ixid=MnwxMjA3fDB8MHxzZWFyY2h8MjF8fGtpdGNoZW58ZW58MHx8MHx8&auto=format&fit=crop&w=500&q=60",60
60,"https://images.unsplash.com/photo-1600585152220-90363fe7e115?ixlib=rb-4.0.3&ixid=MnwxMjA3fDB8MHxzZWFyY2h8NHx8a2l0Y2hlbnxlbnwwfHwwfHw%3D&auto=format&fit=crop&w=500&q=60, https://images.unsplash.com/photo-1657299171251-2a61ea716fbf?ixlib=rb-4.0.3&ixid=MnwxMjA3fDF8MHxzZWFyY2h8MTV8fGtpdGNoZW58ZW58MHx8MHx8&auto=format&fit=crop&w=500&q=60, https://images.unsplash.com/photo-1550223026-0d6fd780c560?ixlib=rb-4.0.3&ixid=MnwxMjA3fDB8MHxzZWFyY2h8MTd8fGtpdGNoZW58ZW58MHx8MHx8&auto=format&fit=crop&w=500&q=60, https://images.unsplash.com/photo-1574739782594-db4ead022697?ixlib=rb-4.0.3&ixid=MnwxMjA3fDB8MHxzZWFyY2h8MjF8fGtpdGNoZW58ZW58MHx8MHx8&auto=format&fit=crop&w=500&q=60",61
61,"https://images.unsplash.com/photo-1600585152220-90363fe7e115?ixlib=rb-4.0.3&ixid=MnwxMjA3fDB8MHxzZWFyY2h8NHx8a2l0Y2hlbnxlbnwwfHwwfHw%3D&auto=format&fit=crop&w=500&q=60, https://images.unsplash.com/photo-1657299171251-2a61ea716fbf?ixlib=rb-4.0.3&ixid=MnwxMjA3fDF8MHxzZWFyY2h8MTV8fGtpdGNoZW58ZW58MHx8MHx8&auto=format&fit=crop&w=500&q=60, https://images.unsplash.com/photo-1550223026-0d6fd780c560?ixlib=rb-4.0.3&ixid=MnwxMjA3fDB8MHxzZWFyY2h8MTd8fGtpdGNoZW58ZW58MHx8MHx8&auto=format&fit=crop&w=500&q=60, https://images.unsplash.com/photo-1574739782594-db4ead022697?ixlib=rb-4.0.3&ixid=MnwxMjA3fDB8MHxzZWFyY2h8MjF8fGtpdGNoZW58ZW58MHx8MHx8&auto=format&fit=crop&w=500&q=60",62
62,"https://images.unsplash.com/photo-1600585152220-90363fe7e115?ixlib=rb-4.0.3&ixid=MnwxMjA3fDB8MHxzZWFyY2h8NHx8a2l0Y2hlbnxlbnwwfHwwfHw%3D&auto=format&fit=crop&w=500&q=60, https://images.unsplash.com/photo-1657299171251-2a61ea716fbf?ixlib=rb-4.0.3&ixid=MnwxMjA3fDF8MHxzZWFyY2h8MTV8fGtpdGNoZW58ZW58MHx8MHx8&auto=format&fit=crop&w=500&q=60, https://images.unsplash.com/photo-1550223026-0d6fd780c560?ixlib=rb-4.0.3&ixid=MnwxMjA3fDB8MHxzZWFyY2h8MTd8fGtpdGNoZW58ZW58MHx8MHx8&auto=format&fit=crop&w=500&q=60, https://images.unsplash.com/photo-1574739782594-db4ead022697?ixlib=rb-4.0.3&ixid=MnwxMjA3fDB8MHxzZWFyY2h8MjF8fGtpdGNoZW58ZW58MHx8MHx8&auto=format&fit=crop&w=500&q=60",63
63,"https://images.unsplash.com/photo-1600585152220-90363fe7e115?ixlib=rb-4.0.3&ixid=MnwxMjA3fDB8MHxzZWFyY2h8NHx8a2l0Y2hlbnxlbnwwfHwwfHw%3D&auto=format&fit=crop&w=500&q=60, https://images.unsplash.com/photo-1657299171251-2a61ea716fbf?ixlib=rb-4.0.3&ixid=MnwxMjA3fDF8MHxzZWFyY2h8MTV8fGtpdGNoZW58ZW58MHx8MHx8&auto=format&fit=crop&w=500&q=60, https://images.unsplash.com/photo-1550223026-0d6fd780c560?ixlib=rb-4.0.3&ixid=MnwxMjA3fDB8MHxzZWFyY2h8MTd8fGtpdGNoZW58ZW58MHx8MHx8&auto=format&fit=crop&w=500&q=60, https://images.unsplash.com/photo-1574739782594-db4ead022697?ixlib=rb-4.0.3&ixid=MnwxMjA3fDB8MHxzZWFyY2h8MjF8fGtpdGNoZW58ZW58MHx8MHx8&auto=format&fit=crop&w=500&q=60",64
64,"https://images.unsplash.com/photo-1600585152220-90363fe7e115?ixlib=rb-4.0.3&ixid=MnwxMjA3fDB8MHxzZWFyY2h8NHx8a2l0Y2hlbnxlbnwwfHwwfHw%3D&auto=format&fit=crop&w=500&q=60, https://images.unsplash.com/photo-1657299171251-2a61ea716fbf?ixlib=rb-4.0.3&ixid=MnwxMjA3fDF8MHxzZWFyY2h8MTV8fGtpdGNoZW58ZW58MHx8MHx8&auto=format&fit=crop&w=500&q=60, https://images.unsplash.com/photo-1550223026-0d6fd780c560?ixlib=rb-4.0.3&ixid=MnwxMjA3fDB8MHxzZWFyY2h8MTd8fGtpdGNoZW58ZW58MHx8MHx8&auto=format&fit=crop&w=500&q=60, https://images.unsplash.com/photo-1574739782594-db4ead022697?ixlib=rb-4.0.3&ixid=MnwxMjA3fDB8MHxzZWFyY2h8MjF8fGtpdGNoZW58ZW58MHx8MHx8&auto=format&fit=crop&w=500&q=60",65
65,"https://images.unsplash.com/photo-1600585152220-90363fe7e115?ixlib=rb-4.0.3&ixid=MnwxMjA3fDB8MHxzZWFyY2h8NHx8a2l0Y2hlbnxlbnwwfHwwfHw%3D&auto=format&fit=crop&w=500&q=60, https://images.unsplash.com/photo-1657299171251-2a61ea716fbf?ixlib=rb-4.0.3&ixid=MnwxMjA3fDF8MHxzZWFyY2h8MTV8fGtpdGNoZW58ZW58MHx8MHx8&auto=format&fit=crop&w=500&q=60, https://images.unsplash.com/photo-1550223026-0d6fd780c560?ixlib=rb-4.0.3&ixid=MnwxMjA3fDB8MHxzZWFyY2h8MTd8fGtpdGNoZW58ZW58MHx8MHx8&auto=format&fit=crop&w=500&q=60, https://images.unsplash.com/photo-1574739782594-db4ead022697?ixlib=rb-4.0.3&ixid=MnwxMjA3fDB8MHxzZWFyY2h8MjF8fGtpdGNoZW58ZW58MHx8MHx8&auto=format&fit=crop&w=500&q=60",66
66,"https://images.unsplash.com/photo-1600585152220-90363fe7e115?ixlib=rb-4.0.3&ixid=MnwxMjA3fDB8MHxzZWFyY2h8NHx8a2l0Y2hlbnxlbnwwfHwwfHw%3D&auto=format&fit=crop&w=500&q=60, https://images.unsplash.com/photo-1657299171251-2a61ea716fbf?ixlib=rb-4.0.3&ixid=MnwxMjA3fDF8MHxzZWFyY2h8MTV8fGtpdGNoZW58ZW58MHx8MHx8&auto=format&fit=crop&w=500&q=60, https://images.unsplash.com/photo-1550223026-0d6fd780c560?ixlib=rb-4.0.3&ixid=MnwxMjA3fDB8MHxzZWFyY2h8MTd8fGtpdGNoZW58ZW58MHx8MHx8&auto=format&fit=crop&w=500&q=60, https://images.unsplash.com/photo-1574739782594-db4ead022697?ixlib=rb-4.0.3&ixid=MnwxMjA3fDB8MHxzZWFyY2h8MjF8fGtpdGNoZW58ZW58MHx8MHx8&auto=format&fit=crop&w=500&q=60",67
67,"https://images.unsplash.com/photo-1600585152220-90363fe7e115?ixlib=rb-4.0.3&ixid=MnwxMjA3fDB8MHxzZWFyY2h8NHx8a2l0Y2hlbnxlbnwwfHwwfHw%3D&auto=format&fit=crop&w=500&q=60, https://images.unsplash.com/photo-1657299171251-2a61ea716fbf?ixlib=rb-4.0.3&ixid=MnwxMjA3fDF8MHxzZWFyY2h8MTV8fGtpdGNoZW58ZW58MHx8MHx8&auto=format&fit=crop&w=500&q=60, https://images.unsplash.com/photo-1550223026-0d6fd780c560?ixlib=rb-4.0.3&ixid=MnwxMjA3fDB8MHxzZWFyY2h8MTd8fGtpdGNoZW58ZW58MHx8MHx8&auto=format&fit=crop&w=500&q=60, https://images.unsplash.com/photo-1574739782594-db4ead022697?ixlib=rb-4.0.3&ixid=MnwxMjA3fDB8MHxzZWFyY2h8MjF8fGtpdGNoZW58ZW58MHx8MHx8&auto=format&fit=crop&w=500&q=60",68
68,"https://images.unsplash.com/photo-1600585152220-90363fe7e115?ixlib=rb-4.0.3&ixid=MnwxMjA3fDB8MHxzZWFyY2h8NHx8a2l0Y2hlbnxlbnwwfHwwfHw%3D&auto=format&fit=crop&w=500&q=60, https://images.unsplash.com/photo-1657299171251-2a61ea716fbf?ixlib=rb-4.0.3&ixid=MnwxMjA3fDF8MHxzZWFyY2h8MTV8fGtpdGNoZW58ZW58MHx8MHx8&auto=format&fit=crop&w=500&q=60, https://images.unsplash.com/photo-1550223026-0d6fd780c560?ixlib=rb-4.0.3&ixid=MnwxMjA3fDB8MHxzZWFyY2h8MTd8fGtpdGNoZW58ZW58MHx8MHx8&auto=format&fit=crop&w=500&q=60, https://images.unsplash.com/photo-1574739782594-db4ead022697?ixlib=rb-4.0.3&ixid=MnwxMjA3fDB8MHxzZWFyY2h8MjF8fGtpdGNoZW58ZW58MHx8MHx8&auto=format&fit=crop&w=500&q=60",69
69,"https://images.unsplash.com/photo-1600585152220-90363fe7e115?ixlib=rb-4.0.3&ixid=MnwxMjA3fDB8MHxzZWFyY2h8NHx8a2l0Y2hlbnxlbnwwfHwwfHw%3D&auto=format&fit=crop&w=500&q=60, https://images.unsplash.com/photo-1657299171251-2a61ea716fbf?ixlib=rb-4.0.3&ixid=MnwxMjA3fDF8MHxzZWFyY2h8MTV8fGtpdGNoZW58ZW58MHx8MHx8&auto=format&fit=crop&w=500&q=60, https://images.unsplash.com/photo-1550223026-0d6fd780c560?ixlib=rb-4.0.3&ixid=MnwxMjA3fDB8MHxzZWFyY2h8MTd8fGtpdGNoZW58ZW58MHx8MHx8&auto=format&fit=crop&w=500&q=60, https://images.unsplash.com/photo-1574739782594-db4ead022697?ixlib=rb-4.0.3&ixid=MnwxMjA3fDB8MHxzZWFyY2h8MjF8fGtpdGNoZW58ZW58MHx8MHx8&auto=format&fit=crop&w=500&q=60",70
70,"https://images.unsplash.com/photo-1600585152220-90363fe7e115?ixlib=rb-4.0.3&ixid=MnwxMjA3fDB8MHxzZWFyY2h8NHx8a2l0Y2hlbnxlbnwwfHwwfHw%3D&auto=format&fit=crop&w=500&q=60, https://images.unsplash.com/photo-1657299171251-2a61ea716fbf?ixlib=rb-4.0.3&ixid=MnwxMjA3fDF8MHxzZWFyY2h8MTV8fGtpdGNoZW58ZW58MHx8MHx8&auto=format&fit=crop&w=500&q=60, https://images.unsplash.com/photo-1550223026-0d6fd780c560?ixlib=rb-4.0.3&ixid=MnwxMjA3fDB8MHxzZWFyY2h8MTd8fGtpdGNoZW58ZW58MHx8MHx8&auto=format&fit=crop&w=500&q=60, https://images.unsplash.com/photo-1574739782594-db4ead022697?ixlib=rb-4.0.3&ixid=MnwxMjA3fDB8MHxzZWFyY2h8MjF8fGtpdGNoZW58ZW58MHx8MHx8&auto=format&fit=crop&w=500&q=60",71
71,"https://images.unsplash.com/photo-1600585152220-90363fe7e115?ixlib=rb-4.0.3&ixid=MnwxMjA3fDB8MHxzZWFyY2h8NHx8a2l0Y2hlbnxlbnwwfHwwfHw%3D&auto=format&fit=crop&w=500&q=60, https://images.unsplash.com/photo-1657299171251-2a61ea716fbf?ixlib=rb-4.0.3&ixid=MnwxMjA3fDF8MHxzZWFyY2h8MTV8fGtpdGNoZW58ZW58MHx8MHx8&auto=format&fit=crop&w=500&q=60, https://images.unsplash.com/photo-1550223026-0d6fd780c560?ixlib=rb-4.0.3&ixid=MnwxMjA3fDB8MHxzZWFyY2h8MTd8fGtpdGNoZW58ZW58MHx8MHx8&auto=format&fit=crop&w=500&q=60, https://images.unsplash.com/photo-1574739782594-db4ead022697?ixlib=rb-4.0.3&ixid=MnwxMjA3fDB8MHxzZWFyY2h8MjF8fGtpdGNoZW58ZW58MHx8MHx8&auto=format&fit=crop&w=500&q=60",72
72,"https://images.unsplash.com/photo-1600585152220-90363fe7e115?ixlib=rb-4.0.3&ixid=MnwxMjA3fDB8MHxzZWFyY2h8NHx8a2l0Y2hlbnxlbnwwfHwwfHw%3D&auto=format&fit=crop&w=500&q=60, https://images.unsplash.com/photo-1657299171251-2a61ea716fbf?ixlib=rb-4.0.3&ixid=MnwxMjA3fDF8MHxzZWFyY2h8MTV8fGtpdGNoZW58ZW58MHx8MHx8&auto=format&fit=crop&w=500&q=60, https://images.unsplash.com/photo-1550223026-0d6fd780c560?ixlib=rb-4.0.3&ixid=MnwxMjA3fDB8MHxzZWFyY2h8MTd8fGtpdGNoZW58ZW58MHx8MHx8&auto=format&fit=crop&w=500&q=60, https://images.unsplash.com/photo-1574739782594-db4ead022697?ixlib=rb-4.0.3&ixid=MnwxMjA3fDB8MHxzZWFyY2h8MjF8fGtpdGNoZW58ZW58MHx8MHx8&auto=format&fit=crop&w=500&q=60",73
73,"https://images.unsplash.com/photo-1600585152220-90363fe7e115?ixlib=rb-4.0.3&ixid=MnwxMjA3fDB8MHxzZWFyY2h8NHx8a2l0Y2hlbnxlbnwwfHwwfHw%3D&auto=format&fit=crop&w=500&q=60, https://images.unsplash.com/photo-1657299171251-2a61ea716fbf?ixlib=rb-4.0.3&ixid=MnwxMjA3fDF8MHxzZWFyY2h8MTV8fGtpdGNoZW58ZW58MHx8MHx8&auto=format&fit=crop&w=500&q=60, https://images.unsplash.com/photo-1550223026-0d6fd780c560?ixlib=rb-4.0.3&ixid=MnwxMjA3fDB8MHxzZWFyY2h8MTd8fGtpdGNoZW58ZW58MHx8MHx8&auto=format&fit=crop&w=500&q=60, https://images.unsplash.com/photo-1574739782594-db4ead022697?ixlib=rb-4.0.3&ixid=MnwxMjA3fDB8MHxzZWFyY2h8MjF8fGtpdGNoZW58ZW58MHx8MHx8&auto=format&fit=crop&w=500&q=60",74
74,"https://images.unsplash.com/photo-1600585152220-90363fe7e115?ixlib=rb-4.0.3&ixid=MnwxMjA3fDB8MHxzZWFyY2h8NHx8a2l0Y2hlbnxlbnwwfHwwfHw%3D&auto=format&fit=crop&w=500&q=60, https://images.unsplash.com/photo-1657299171251-2a61ea716fbf?ixlib=rb-4.0.3&ixid=MnwxMjA3fDF8MHxzZWFyY2h8MTV8fGtpdGNoZW58ZW58MHx8MHx8&auto=format&fit=crop&w=500&q=60, https://images.unsplash.com/photo-1550223026-0d6fd780c560?ixlib=rb-4.0.3&ixid=MnwxMjA3fDB8MHxzZWFyY2h8MTd8fGtpdGNoZW58ZW58MHx8MHx8&auto=format&fit=crop&w=500&q=60, https://images.unsplash.com/photo-1574739782594-db4ead022697?ixlib=rb-4.0.3&ixid=MnwxMjA3fDB8MHxzZWFyY2h8MjF8fGtpdGNoZW58ZW58MHx8MHx8&auto=format&fit=crop&w=500&q=60",75
75,"https://images.unsplash.com/photo-1600585152220-90363fe7e115?ixlib=rb-4.0.3&ixid=MnwxMjA3fDB8MHxzZWFyY2h8NHx8a2l0Y2hlbnxlbnwwfHwwfHw%3D&auto=format&fit=crop&w=500&q=60, https://images.unsplash.com/photo-1657299171251-2a61ea716fbf?ixlib=rb-4.0.3&ixid=MnwxMjA3fDF8MHxzZWFyY2h8MTV8fGtpdGNoZW58ZW58MHx8MHx8&auto=format&fit=crop&w=500&q=60, https://images.unsplash.com/photo-1550223026-0d6fd780c560?ixlib=rb-4.0.3&ixid=MnwxMjA3fDB8MHxzZWFyY2h8MTd8fGtpdGNoZW58ZW58MHx8MHx8&auto=format&fit=crop&w=500&q=60, https://images.unsplash.com/photo-1574739782594-db4ead022697?ixlib=rb-4.0.3&ixid=MnwxMjA3fDB8MHxzZWFyY2h8MjF8fGtpdGNoZW58ZW58MHx8MHx8&auto=format&fit=crop&w=500&q=60",76
76,"https://images.unsplash.com/photo-1600585152220-90363fe7e115?ixlib=rb-4.0.3&ixid=MnwxMjA3fDB8MHxzZWFyY2h8NHx8a2l0Y2hlbnxlbnwwfHwwfHw%3D&auto=format&fit=crop&w=500&q=60, https://images.unsplash.com/photo-1657299171251-2a61ea716fbf?ixlib=rb-4.0.3&ixid=MnwxMjA3fDF8MHxzZWFyY2h8MTV8fGtpdGNoZW58ZW58MHx8MHx8&auto=format&fit=crop&w=500&q=60, https://images.unsplash.com/photo-1550223026-0d6fd780c560?ixlib=rb-4.0.3&ixid=MnwxMjA3fDB8MHxzZWFyY2h8MTd8fGtpdGNoZW58ZW58MHx8MHx8&auto=format&fit=crop&w=500&q=60, https://images.unsplash.com/photo-1574739782594-db4ead022697?ixlib=rb-4.0.3&ixid=MnwxMjA3fDB8MHxzZWFyY2h8MjF8fGtpdGNoZW58ZW58MHx8MHx8&auto=format&fit=crop&w=500&q=60",77
77,"https://images.unsplash.com/photo-1600585152220-90363fe7e115?ixlib=rb-4.0.3&ixid=MnwxMjA3fDB8MHxzZWFyY2h8NHx8a2l0Y2hlbnxlbnwwfHwwfHw%3D&auto=format&fit=crop&w=500&q=60, https://images.unsplash.com/photo-1657299171251-2a61ea716fbf?ixlib=rb-4.0.3&ixid=MnwxMjA3fDF8MHxzZWFyY2h8MTV8fGtpdGNoZW58ZW58MHx8MHx8&auto=format&fit=crop&w=500&q=60, https://images.unsplash.com/photo-1550223026-0d6fd780c560?ixlib=rb-4.0.3&ixid=MnwxMjA3fDB8MHxzZWFyY2h8MTd8fGtpdGNoZW58ZW58MHx8MHx8&auto=format&fit=crop&w=500&q=60, https://images.unsplash.com/photo-1574739782594-db4ead022697?ixlib=rb-4.0.3&ixid=MnwxMjA3fDB8MHxzZWFyY2h8MjF8fGtpdGNoZW58ZW58MHx8MHx8&auto=format&fit=crop&w=500&q=60",78
78,"https://images.unsplash.com/photo-1617132926435-b05d1251553c?ixlib=rb-4.0.3&ixid=MnwxMjA3fDB8MHxzZWFyY2h8OXx8ZHJhd2VyfGVufDB8fDB8fA%3D%3D&auto=format&fit=crop&w=500&q=60, https://plus.unsplash.com/premium_photo-1661632845952-7adc4e486574?ixlib=rb-4.0.3&ixid=MnwxMjA3fDB8MHxzZWFyY2h8MTl8fGRyYXdlcnxlbnwwfHwwfHw%3D&auto=format&fit=crop&w=500&q=60, https://images.unsplash.com/photo-1569235186275-626cb53b83ce?ixlib=rb-4.0.3&ixid=MnwxMjA3fDB8MHxzZWFyY2h8MTJ8fGRyYXdlcnxlbnwwfHwwfHw%3D&auto=format&fit=crop&w=500&q=60, https://images.unsplash.com/photo-1493710494541-43364cb47485?ixlib=rb-4.0.3&ixid=MnwxMjA3fDB8MHxzZWFyY2h8OHx8ZHJhd2VyfGVufDB8fDB8fA%3D%3D&auto=format&fit=crop&w=500&q=60",79
79,"https://images.unsplash.com/photo-1617132926435-b05d1251553c?ixlib=rb-4.0.3&ixid=MnwxMjA3fDB8MHxzZWFyY2h8OXx8ZHJhd2VyfGVufDB8fDB8fA%3D%3D&auto=format&fit=crop&w=500&q=60, https://plus.unsplash.com/premium_photo-1661632845952-7adc4e486574?ixlib=rb-4.0.3&ixid=MnwxMjA3fDB8MHxzZWFyY2h8MTl8fGRyYXdlcnxlbnwwfHwwfHw%3D&auto=format&fit=crop&w=500&q=60, https://images.unsplash.com/photo-1569235186275-626cb53b83ce?ixlib=rb-4.0.3&ixid=MnwxMjA3fDB8MHxzZWFyY2h8MTJ8fGRyYXdlcnxlbnwwfHwwfHw%3D&auto=format&fit=crop&w=500&q=60, https://images.unsplash.com/photo-1493710494541-43364cb47485?ixlib=rb-4.0.3&ixid=MnwxMjA3fDB8MHxzZWFyY2h8OHx8ZHJhd2VyfGVufDB8fDB8fA%3D%3D&auto=format&fit=crop&w=500&q=60",80
80,"https://images.unsplash.com/photo-1617132926435-b05d1251553c?ixlib=rb-4.0.3&ixid=MnwxMjA3fDB8MHxzZWFyY2h8OXx8ZHJhd2VyfGVufDB8fDB8fA%3D%3D&auto=format&fit=crop&w=500&q=60, https://plus.unsplash.com/premium_photo-1661632845952-7adc4e486574?ixlib=rb-4.0.3&ixid=MnwxMjA3fDB8MHxzZWFyY2h8MTl8fGRyYXdlcnxlbnwwfHwwfHw%3D&auto=format&fit=crop&w=500&q=60, https://images.unsplash.com/photo-1569235186275-626cb53b83ce?ixlib=rb-4.0.3&ixid=MnwxMjA3fDB8MHxzZWFyY2h8MTJ8fGRyYXdlcnxlbnwwfHwwfHw%3D&auto=format&fit=crop&w=500&q=60, https://images.unsplash.com/photo-1493710494541-43364cb47485?ixlib=rb-4.0.3&ixid=MnwxMjA3fDB8MHxzZWFyY2h8OHx8ZHJhd2VyfGVufDB8fDB8fA%3D%3D&auto=format&fit=crop&w=500&q=60",81
81,"https://images.unsplash.com/photo-1617132926435-b05d1251553c?ixlib=rb-4.0.3&ixid=MnwxMjA3fDB8MHxzZWFyY2h8OXx8ZHJhd2VyfGVufDB8fDB8fA%3D%3D&auto=format&fit=crop&w=500&q=60, https://plus.unsplash.com/premium_photo-1661632845952-7adc4e486574?ixlib=rb-4.0.3&ixid=MnwxMjA3fDB8MHxzZWFyY2h8MTl8fGRyYXdlcnxlbnwwfHwwfHw%3D&auto=format&fit=crop&w=500&q=60, https://images.unsplash.com/photo-1569235186275-626cb53b83ce?ixlib=rb-4.0.3&ixid=MnwxMjA3fDB8MHxzZWFyY2h8MTJ8fGRyYXdlcnxlbnwwfHwwfHw%3D&auto=format&fit=crop&w=500&q=60, https://images.unsplash.com/photo-1493710494541-43364cb47485?ixlib=rb-4.0.3&ixid=MnwxMjA3fDB8MHxzZWFyY2h8OHx8ZHJhd2VyfGVufDB8fDB8fA%3D%3D&auto=format&fit=crop&w=500&q=60",82
82,"https://images.unsplash.com/photo-1617132926435-b05d1251553c?ixlib=rb-4.0.3&ixid=MnwxMjA3fDB8MHxzZWFyY2h8OXx8ZHJhd2VyfGVufDB8fDB8fA%3D%3D&auto=format&fit=crop&w=500&q=60, https://plus.unsplash.com/premium_photo-1661632845952-7adc4e486574?ixlib=rb-4.0.3&ixid=MnwxMjA3fDB8MHxzZWFyY2h8MTl8fGRyYXdlcnxlbnwwfHwwfHw%3D&auto=format&fit=crop&w=500&q=60, https://images.unsplash.com/photo-1569235186275-626cb53b83ce?ixlib=rb-4.0.3&ixid=MnwxMjA3fDB8MHxzZWFyY2h8MTJ8fGRyYXdlcnxlbnwwfHwwfHw%3D&auto=format&fit=crop&w=500&q=60, https://images.unsplash.com/photo-1493710494541-43364cb47485?ixlib=rb-4.0.3&ixid=MnwxMjA3fDB8MHxzZWFyY2h8OHx8ZHJhd2VyfGVufDB8fDB8fA%3D%3D&auto=format&fit=crop&w=500&q=60",83
83,"https://images.unsplash.com/photo-1617132926435-b05d1251553c?ixlib=rb-4.0.3&ixid=MnwxMjA3fDB8MHxzZWFyY2h8OXx8ZHJhd2VyfGVufDB8fDB8fA%3D%3D&auto=format&fit=crop&w=500&q=60, https://plus.unsplash.com/premium_photo-1661632845952-7adc4e486574?ixlib=rb-4.0.3&ixid=MnwxMjA3fDB8MHxzZWFyY2h8MTl8fGRyYXdlcnxlbnwwfHwwfHw%3D&auto=format&fit=crop&w=500&q=60, https://images.unsplash.com/photo-1569235186275-626cb53b83ce?ixlib=rb-4.0.3&ixid=MnwxMjA3fDB8MHxzZWFyY2h8MTJ8fGRyYXdlcnxlbnwwfHwwfHw%3D&auto=format&fit=crop&w=500&q=60, https://images.unsplash.com/photo-1493710494541-43364cb47485?ixlib=rb-4.0.3&ixid=MnwxMjA3fDB8MHxzZWFyY2h8OHx8ZHJhd2VyfGVufDB8fDB8fA%3D%3D&auto=format&fit=crop&w=500&q=60",84
84,"https://images.unsplash.com/photo-1617132926435-b05d1251553c?ixlib=rb-4.0.3&ixid=MnwxMjA3fDB8MHxzZWFyY2h8OXx8ZHJhd2VyfGVufDB8fDB8fA%3D%3D&auto=format&fit=crop&w=500&q=60, https://plus.unsplash.com/premium_photo-1661632845952-7adc4e486574?ixlib=rb-4.0.3&ixid=MnwxMjA3fDB8MHxzZWFyY2h8MTl8fGRyYXdlcnxlbnwwfHwwfHw%3D&auto=format&fit=crop&w=500&q=60, https://images.unsplash.com/photo-1569235186275-626cb53b83ce?ixlib=rb-4.0.3&ixid=MnwxMjA3fDB8MHxzZWFyY2h8MTJ8fGRyYXdlcnxlbnwwfHwwfHw%3D&auto=format&fit=crop&w=500&q=60, https://images.unsplash.com/photo-1493710494541-43364cb47485?ixlib=rb-4.0.3&ixid=MnwxMjA3fDB8MHxzZWFyY2h8OHx8ZHJhd2VyfGVufDB8fDB8fA%3D%3D&auto=format&fit=crop&w=500&q=60",85
85,"https://images.unsplash.com/photo-1617132926435-b05d1251553c?ixlib=rb-4.0.3&ixid=MnwxMjA3fDB8MHxzZWFyY2h8OXx8ZHJhd2VyfGVufDB8fDB8fA%3D%3D&auto=format&fit=crop&w=500&q=60, https://plus.unsplash.com/premium_photo-1661632845952-7adc4e486574?ixlib=rb-4.0.3&ixid=MnwxMjA3fDB8MHxzZWFyY2h8MTl8fGRyYXdlcnxlbnwwfHwwfHw%3D&auto=format&fit=crop&w=500&q=60, https://images.unsplash.com/photo-1569235186275-626cb53b83ce?ixlib=rb-4.0.3&ixid=MnwxMjA3fDB8MHxzZWFyY2h8MTJ8fGRyYXdlcnxlbnwwfHwwfHw%3D&auto=format&fit=crop&w=500&q=60, https://images.unsplash.com/photo-1493710494541-43364cb47485?ixlib=rb-4.0.3&ixid=MnwxMjA3fDB8MHxzZWFyY2h8OHx8ZHJhd2VyfGVufDB8fDB8fA%3D%3D&auto=format&fit=crop&w=500&q=60",86
86,"https://images.unsplash.com/photo-1617132926435-b05d1251553c?ixlib=rb-4.0.3&ixid=MnwxMjA3fDB8MHxzZWFyY2h8OXx8ZHJhd2VyfGVufDB8fDB8fA%3D%3D&auto=format&fit=crop&w=500&q=60, https://plus.unsplash.com/premium_photo-1661632845952-7adc4e486574?ixlib=rb-4.0.3&ixid=MnwxMjA3fDB8MHxzZWFyY2h8MTl8fGRyYXdlcnxlbnwwfHwwfHw%3D&auto=format&fit=crop&w=500&q=60, https://images.unsplash.com/photo-1569235186275-626cb53b83ce?ixlib=rb-4.0.3&ixid=MnwxMjA3fDB8MHxzZWFyY2h8MTJ8fGRyYXdlcnxlbnwwfHwwfHw%3D&auto=format&fit=crop&w=500&q=60, https://images.unsplash.com/photo-1493710494541-43364cb47485?ixlib=rb-4.0.3&ixid=MnwxMjA3fDB8MHxzZWFyY2h8OHx8ZHJhd2VyfGVufDB8fDB8fA%3D%3D&auto=format&fit=crop&w=500&q=60",87
87,"https://images.unsplash.com/photo-1617132926435-b05d1251553c?ixlib=rb-4.0.3&ixid=MnwxMjA3fDB8MHxzZWFyY2h8OXx8ZHJhd2VyfGVufDB8fDB8fA%3D%3D&auto=format&fit=crop&w=500&q=60, https://plus.unsplash.com/premium_photo-1661632845952-7adc4e486574?ixlib=rb-4.0.3&ixid=MnwxMjA3fDB8MHxzZWFyY2h8MTl8fGRyYXdlcnxlbnwwfHwwfHw%3D&auto=format&fit=crop&w=500&q=60, https://images.unsplash.com/photo-1569235186275-626cb53b83ce?ixlib=rb-4.0.3&ixid=MnwxMjA3fDB8MHxzZWFyY2h8MTJ8fGRyYXdlcnxlbnwwfHwwfHw%3D&auto=format&fit=crop&w=500&q=60, https://images.unsplash.com/photo-1493710494541-43364cb47485?ixlib=rb-4.0.3&ixid=MnwxMjA3fDB8MHxzZWFyY2h8OHx8ZHJhd2VyfGVufDB8fDB8fA%3D%3D&auto=format&fit=crop&w=500&q=60",88
88,"https://images.unsplash.com/photo-1617132926435-b05d1251553c?ixlib=rb-4.0.3&ixid=MnwxMjA3fDB8MHxzZWFyY2h8OXx8ZHJhd2VyfGVufDB8fDB8fA%3D%3D&auto=format&fit=crop&w=500&q=60, https://plus.unsplash.com/premium_photo-1661632845952-7adc4e486574?ixlib=rb-4.0.3&ixid=MnwxMjA3fDB8MHxzZWFyY2h8MTl8fGRyYXdlcnxlbnwwfHwwfHw%3D&auto=format&fit=crop&w=500&q=60, https://images.unsplash.com/photo-1569235186275-626cb53b83ce?ixlib=rb-4.0.3&ixid=MnwxMjA3fDB8MHxzZWFyY2h8MTJ8fGRyYXdlcnxlbnwwfHwwfHw%3D&auto=format&fit=crop&w=500&q=60, https://images.unsplash.com/photo-1493710494541-43364cb47485?ixlib=rb-4.0.3&ixid=MnwxMjA3fDB8MHxzZWFyY2h8OHx8ZHJhd2VyfGVufDB8fDB8fA%3D%3D&auto=format&fit=crop&w=500&q=60",89
89,"https://images.unsplash.com/photo-1617132926435-b05d1251553c?ixlib=rb-4.0.3&ixid=MnwxMjA3fDB8MHxzZWFyY2h8OXx8ZHJhd2VyfGVufDB8fDB8fA%3D%3D&auto=format&fit=crop&w=500&q=60, https://plus.unsplash.com/premium_photo-1661632845952-7adc4e486574?ixlib=rb-4.0.3&ixid=MnwxMjA3fDB8MHxzZWFyY2h8MTl8fGRyYXdlcnxlbnwwfHwwfHw%3D&auto=format&fit=crop&w=500&q=60, https://images.unsplash.com/photo-1569235186275-626cb53b83ce?ixlib=rb-4.0.3&ixid=MnwxMjA3fDB8MHxzZWFyY2h8MTJ8fGRyYXdlcnxlbnwwfHwwfHw%3D&auto=format&fit=crop&w=500&q=60, https://images.unsplash.com/photo-1493710494541-43364cb47485?ixlib=rb-4.0.3&ixid=MnwxMjA3fDB8MHxzZWFyY2h8OHx8ZHJhd2VyfGVufDB8fDB8fA%3D%3D&auto=format&fit=crop&w=500&q=60",90
90,"https://images.unsplash.com/photo-1617132926435-b05d1251553c?ixlib=rb-4.0.3&ixid=MnwxMjA3fDB8MHxzZWFyY2h8OXx8ZHJhd2VyfGVufDB8fDB8fA%3D%3D&auto=format&fit=crop&w=500&q=60, https://plus.unsplash.com/premium_photo-1661632845952-7adc4e486574?ixlib=rb-4.0.3&ixid=MnwxMjA3fDB8MHxzZWFyY2h8MTl8fGRyYXdlcnxlbnwwfHwwfHw%3D&auto=format&fit=crop&w=500&q=60, https://images.unsplash.com/photo-1569235186275-626cb53b83ce?ixlib=rb-4.0.3&ixid=MnwxMjA3fDB8MHxzZWFyY2h8MTJ8fGRyYXdlcnxlbnwwfHwwfHw%3D&auto=format&fit=crop&w=500&q=60, https://images.unsplash.com/photo-1493710494541-43364cb47485?ixlib=rb-4.0.3&ixid=MnwxMjA3fDB8MHxzZWFyY2h8OHx8ZHJhd2VyfGVufDB8fDB8fA%3D%3D&auto=format&fit=crop&w=500&q=60",91
91,"https://images.unsplash.com/photo-1617132926435-b05d1251553c?ixlib=rb-4.0.3&ixid=MnwxMjA3fDB8MHxzZWFyY2h8OXx8ZHJhd2VyfGVufDB8fDB8fA%3D%3D&auto=format&fit=crop&w=500&q=60, https://plus.unsplash.com/premium_photo-1661632845952-7adc4e486574?ixlib=rb-4.0.3&ixid=MnwxMjA3fDB8MHxzZWFyY2h8MTl8fGRyYXdlcnxlbnwwfHwwfHw%3D&auto=format&fit=crop&w=500&q=60, https://images.unsplash.com/photo-1569235186275-626cb53b83ce?ixlib=rb-4.0.3&ixid=MnwxMjA3fDB8MHxzZWFyY2h8MTJ8fGRyYXdlcnxlbnwwfHwwfHw%3D&auto=format&fit=crop&w=500&q=60, https://images.unsplash.com/photo-1493710494541-43364cb47485?ixlib=rb-4.0.3&ixid=MnwxMjA3fDB8MHxzZWFyY2h8OHx8ZHJhd2VyfGVufDB8fDB8fA%3D%3D&auto=format&fit=crop&w=500&q=60",92
92,"https://images.unsplash.com/photo-1617132926435-b05d1251553c?ixlib=rb-4.0.3&ixid=MnwxMjA3fDB8MHxzZWFyY2h8OXx8ZHJhd2VyfGVufDB8fDB8fA%3D%3D&auto=format&fit=crop&w=500&q=60, https://plus.unsplash.com/premium_photo-1661632845952-7adc4e486574?ixlib=rb-4.0.3&ixid=MnwxMjA3fDB8MHxzZWFyY2h8MTl8fGRyYXdlcnxlbnwwfHwwfHw%3D&auto=format&fit=crop&w=500&q=60, https://images.unsplash.com/photo-1569235186275-626cb53b83ce?ixlib=rb-4.0.3&ixid=MnwxMjA3fDB8MHxzZWFyY2h8MTJ8fGRyYXdlcnxlbnwwfHwwfHw%3D&auto=format&fit=crop&w=500&q=60, https://images.unsplash.com/photo-1493710494541-43364cb47485?ixlib=rb-4.0.3&ixid=MnwxMjA3fDB8MHxzZWFyY2h8OHx8ZHJhd2VyfGVufDB8fDB8fA%3D%3D&auto=format&fit=crop&w=500&q=60",93
93,"https://images.unsplash.com/photo-1617132926435-b05d1251553c?ixlib=rb-4.0.3&ixid=MnwxMjA3fDB8MHxzZWFyY2h8OXx8ZHJhd2VyfGVufDB8fDB8fA%3D%3D&auto=format&fit=crop&w=500&q=60, https://plus.unsplash.com/premium_photo-1661632845952-7adc4e486574?ixlib=rb-4.0.3&ixid=MnwxMjA3fDB8MHxzZWFyY2h8MTl8fGRyYXdlcnxlbnwwfHwwfHw%3D&auto=format&fit=crop&w=500&q=60, https://images.unsplash.com/photo-1569235186275-626cb53b83ce?ixlib=rb-4.0.3&ixid=MnwxMjA3fDB8MHxzZWFyY2h8MTJ8fGRyYXdlcnxlbnwwfHwwfHw%3D&auto=format&fit=crop&w=500&q=60, https://images.unsplash.com/photo-1493710494541-43364cb47485?ixlib=rb-4.0.3&ixid=MnwxMjA3fDB8MHxzZWFyY2h8OHx8ZHJhd2VyfGVufDB8fDB8fA%3D%3D&auto=format&fit=crop&w=500&q=60",94
94,"https://images.unsplash.com/photo-1617132926435-b05d1251553c?ixlib=rb-4.0.3&ixid=MnwxMjA3fDB8MHxzZWFyY2h8OXx8ZHJhd2VyfGVufDB8fDB8fA%3D%3D&auto=format&fit=crop&w=500&q=60, https://plus.unsplash.com/premium_photo-1661632845952-7adc4e486574?ixlib=rb-4.0.3&ixid=MnwxMjA3fDB8MHxzZWFyY2h8MTl8fGRyYXdlcnxlbnwwfHwwfHw%3D&auto=format&fit=crop&w=500&q=60, https://images.unsplash.com/photo-1569235186275-626cb53b83ce?ixlib=rb-4.0.3&ixid=MnwxMjA3fDB8MHxzZWFyY2h8MTJ8fGRyYXdlcnxlbnwwfHwwfHw%3D&auto=format&fit=crop&w=500&q=60, https://images.unsplash.com/photo-1493710494541-43364cb47485?ixlib=rb-4.0.3&ixid=MnwxMjA3fDB8MHxzZWFyY2h8OHx8ZHJhd2VyfGVufDB8fDB8fA%3D%3D&auto=format&fit=crop&w=500&q=60",95
95,"https://images.unsplash.com/photo-1617132926435-b05d1251553c?ixlib=rb-4.0.3&ixid=MnwxMjA3fDB8MHxzZWFyY2h8OXx8ZHJhd2VyfGVufDB8fDB8fA%3D%3D&auto=format&fit=crop&w=500&q=60, https://plus.unsplash.com/premium_photo-1661632845952-7adc4e486574?ixlib=rb-4.0.3&ixid=MnwxMjA3fDB8MHxzZWFyY2h8MTl8fGRyYXdlcnxlbnwwfHwwfHw%3D&auto=format&fit=crop&w=500&q=60, https://images.unsplash.com/photo-1569235186275-626cb53b83ce?ixlib=rb-4.0.3&ixid=MnwxMjA3fDB8MHxzZWFyY2h8MTJ8fGRyYXdlcnxlbnwwfHwwfHw%3D&auto=format&fit=crop&w=500&q=60, https://images.unsplash.com/photo-1493710494541-43364cb47485?ixlib=rb-4.0.3&ixid=MnwxMjA3fDB8MHxzZWFyY2h8OHx8ZHJhd2VyfGVufDB8fDB8fA%3D%3D&auto=format&fit=crop&w=500&q=60",96
96,"https://images.unsplash.com/photo-1617132926435-b05d1251553c?ixlib=rb-4.0.3&ixid=MnwxMjA3fDB8MHxzZWFyY2h8OXx8ZHJhd2VyfGVufDB8fDB8fA%3D%3D&auto=format&fit=crop&w=500&q=60, https://plus.unsplash.com/premium_photo-1661632845952-7adc4e486574?ixlib=rb-4.0.3&ixid=MnwxMjA3fDB8MHxzZWFyY2h8MTl8fGRyYXdlcnxlbnwwfHwwfHw%3D&auto=format&fit=crop&w=500&q=60, https://images.unsplash.com/photo-1569235186275-626cb53b83ce?ixlib=rb-4.0.3&ixid=MnwxMjA3fDB8MHxzZWFyY2h8MTJ8fGRyYXdlcnxlbnwwfHwwfHw%3D&auto=format&fit=crop&w=500&q=60, https://images.unsplash.com/photo-1493710494541-43364cb47485?ixlib=rb-4.0.3&ixid=MnwxMjA3fDB8MHxzZWFyY2h8OHx8ZHJhd2VyfGVufDB8fDB8fA%3D%3D&auto=format&fit=crop&w=500&q=60",97
97,"https://images.unsplash.com/photo-1617132926435-b05d1251553c?ixlib=rb-4.0.3&ixid=MnwxMjA3fDB8MHxzZWFyY2h8OXx8ZHJhd2VyfGVufDB8fDB8fA%3D%3D&auto=format&fit=crop&w=500&q=60, https://plus.unsplash.com/premium_photo-1661632845952-7adc4e486574?ixlib=rb-4.0.3&ixid=MnwxMjA3fDB8MHxzZWFyY2h8MTl8fGRyYXdlcnxlbnwwfHwwfHw%3D&auto=format&fit=crop&w=500&q=60, https://images.unsplash.com/photo-1569235186275-626cb53b83ce?ixlib=rb-4.0.3&ixid=MnwxMjA3fDB8MHxzZWFyY2h8MTJ8fGRyYXdlcnxlbnwwfHwwfHw%3D&auto=format&fit=crop&w=500&q=60, https://images.unsplash.com/photo-1493710494541-43364cb47485?ixlib=rb-4.0.3&ixid=MnwxMjA3fDB8MHxzZWFyY2h8OHx8ZHJhd2VyfGVufDB8fDB8fA%3D%3D&auto=format&fit=crop&w=500&q=60",98
98,"https://images.unsplash.com/photo-1617132926435-b05d1251553c?ixlib=rb-4.0.3&ixid=MnwxMjA3fDB8MHxzZWFyY2h8OXx8ZHJhd2VyfGVufDB8fDB8fA%3D%3D&auto=format&fit=crop&w=500&q=60, https://plus.unsplash.com/premium_photo-1661632845952-7adc4e486574?ixlib=rb-4.0.3&ixid=MnwxMjA3fDB8MHxzZWFyY2h8MTl8fGRyYXdlcnxlbnwwfHwwfHw%3D&auto=format&fit=crop&w=500&q=60, https://images.unsplash.com/photo-1569235186275-626cb53b83ce?ixlib=rb-4.0.3&ixid=MnwxMjA3fDB8MHxzZWFyY2h8MTJ8fGRyYXdlcnxlbnwwfHwwfHw%3D&auto=format&fit=crop&w=500&q=60, https://images.unsplash.com/photo-1493710494541-43364cb47485?ixlib=rb-4.0.3&ixid=MnwxMjA3fDB8MHxzZWFyY2h8OHx8ZHJhd2VyfGVufDB8fDB8fA%3D%3D&auto=format&fit=crop&w=500&q=60",99
99,"https://images.unsplash.com/photo-1617132926435-b05d1251553c?ixlib=rb-4.0.3&ixid=MnwxMjA3fDB8MHxzZWFyY2h8OXx8ZHJhd2VyfGVufDB8fDB8fA%3D%3D&auto=format&fit=crop&w=500&q=60, https://plus.unsplash.com/premium_photo-1661632845952-7adc4e486574?ixlib=rb-4.0.3&ixid=MnwxMjA3fDB8MHxzZWFyY2h8MTl8fGRyYXdlcnxlbnwwfHwwfHw%3D&auto=format&fit=crop&w=500&q=60, https://images.unsplash.com/photo-1569235186275-626cb53b83ce?ixlib=rb-4.0.3&ixid=MnwxMjA3fDB8MHxzZWFyY2h8MTJ8fGRyYXdlcnxlbnwwfHwwfHw%3D&auto=format&fit=crop&w=500&q=60, https://images.unsplash.com/photo-1493710494541-43364cb47485?ixlib=rb-4.0.3&ixid=MnwxMjA3fDB8MHxzZWFyY2h8OHx8ZHJhd2VyfGVufDB8fDB8fA%3D%3D&auto=format&fit=crop&w=500&q=60",100
100,"https://images.unsplash.com/photo-1617132926435-b05d1251553c?ixlib=rb-4.0.3&ixid=MnwxMjA3fDB8MHxzZWFyY2h8OXx8ZHJhd2VyfGVufDB8fDB8fA%3D%3D&auto=format&fit=crop&w=500&q=60, https://plus.unsplash.com/premium_photo-1661632845952-7adc4e486574?ixlib=rb-4.0.3&ixid=MnwxMjA3fDB8MHxzZWFyY2h8MTl8fGRyYXdlcnxlbnwwfHwwfHw%3D&auto=format&fit=crop&w=500&q=60, https://images.unsplash.com/photo-1569235186275-626cb53b83ce?ixlib=rb-4.0.3&ixid=MnwxMjA3fDB8MHxzZWFyY2h8MTJ8fGRyYXdlcnxlbnwwfHwwfHw%3D&auto=format&fit=crop&w=500&q=60, https://images.unsplash.com/photo-1493710494541-43364cb47485?ixlib=rb-4.0.3&ixid=MnwxMjA3fDB8MHxzZWFyY2h8OHx8ZHJhd2VyfGVufDB8fDB8fA%3D%3D&auto=format&fit=crop&w=500&q=60",101
101,"https://images.unsplash.com/photo-1617132926435-b05d1251553c?ixlib=rb-4.0.3&ixid=MnwxMjA3fDB8MHxzZWFyY2h8OXx8ZHJhd2VyfGVufDB8fDB8fA%3D%3D&auto=format&fit=crop&w=500&q=60, https://plus.unsplash.com/premium_photo-1661632845952-7adc4e486574?ixlib=rb-4.0.3&ixid=MnwxMjA3fDB8MHxzZWFyY2h8MTl8fGRyYXdlcnxlbnwwfHwwfHw%3D&auto=format&fit=crop&w=500&q=60, https://images.unsplash.com/photo-1569235186275-626cb53b83ce?ixlib=rb-4.0.3&ixid=MnwxMjA3fDB8MHxzZWFyY2h8MTJ8fGRyYXdlcnxlbnwwfHwwfHw%3D&auto=format&fit=crop&w=500&q=60, https://images.unsplash.com/photo-1493710494541-43364cb47485?ixlib=rb-4.0.3&ixid=MnwxMjA3fDB8MHxzZWFyY2h8OHx8ZHJhd2VyfGVufDB8fDB8fA%3D%3D&auto=format&fit=crop&w=500&q=60",102
102,"https://images.unsplash.com/photo-1617132926435-b05d1251553c?ixlib=rb-4.0.3&ixid=MnwxMjA3fDB8MHxzZWFyY2h8OXx8ZHJhd2VyfGVufDB8fDB8fA%3D%3D&auto=format&fit=crop&w=500&q=60, https://plus.unsplash.com/premium_photo-1661632845952-7adc4e486574?ixlib=rb-4.0.3&ixid=MnwxMjA3fDB8MHxzZWFyY2h8MTl8fGRyYXdlcnxlbnwwfHwwfHw%3D&auto=format&fit=crop&w=500&q=60, https://images.unsplash.com/photo-1569235186275-626cb53b83ce?ixlib=rb-4.0.3&ixid=MnwxMjA3fDB8MHxzZWFyY2h8MTJ8fGRyYXdlcnxlbnwwfHwwfHw%3D&auto=format&fit=crop&w=500&q=60, https://images.unsplash.com/photo-1493710494541-43364cb47485?ixlib=rb-4.0.3&ixid=MnwxMjA3fDB8MHxzZWFyY2h8OHx8ZHJhd2VyfGVufDB8fDB8fA%3D%3D&auto=format&fit=crop&w=500&q=60",103
103,"https://images.unsplash.com/photo-1617132926435-b05d1251553c?ixlib=rb-4.0.3&ixid=MnwxMjA3fDB8MHxzZWFyY2h8OXx8ZHJhd2VyfGVufDB8fDB8fA%3D%3D&auto=format&fit=crop&w=500&q=60, https://plus.unsplash.com/premium_photo-1661632845952-7adc4e486574?ixlib=rb-4.0.3&ixid=MnwxMjA3fDB8MHxzZWFyY2h8MTl8fGRyYXdlcnxlbnwwfHwwfHw%3D&auto=format&fit=crop&w=500&q=60, https://images.unsplash.com/photo-1569235186275-626cb53b83ce?ixlib=rb-4.0.3&ixid=MnwxMjA3fDB8MHxzZWFyY2h8MTJ8fGRyYXdlcnxlbnwwfHwwfHw%3D&auto=format&fit=crop&w=500&q=60, https://images.unsplash.com/photo-1493710494541-43364cb47485?ixlib=rb-4.0.3&ixid=MnwxMjA3fDB8MHxzZWFyY2h8OHx8ZHJhd2VyfGVufDB8fDB8fA%3D%3D&auto=format&fit=crop&w=500&q=60",104
104,"https://images.unsplash.com/photo-1586023492125-27b2c045efd7?ixlib=rb-4.0.3&ixid=MnwxMjA3fDB8MHxzZWFyY2h8MTh8fGNoYWlyfGVufDB8fDB8fA%3D%3D&auto=format&fit=crop&w=500&q=60, https://media.istockphoto.com/id/1331305169/photo/black-man-using-smartphone-sitting-in-armchair-near-gray-wall.jpg?b=1&s=170667a&w=0&k=20&c=41-ql-_GQ117LJpvKeZ9gdzSfZMRMFu43x_exDUs6hw=, https://media.istockphoto.com/id/1281696939/photo/blue-armchair-isolated-on-a-white.jpg?b=1&s=170667a&w=0&k=20&c=ADcjTlJwwNPLN1dI0KDW-I7NJHqrV8FWnbcISPrqkqs=, https://media.istockphoto.com/id/1321320083/photo/3d-rendering-of-an-isolated-modern-rattan-wicker-lounge-wooden-chair.jpg?b=1&s=170667a&w=0&k=20&c=z2-aHpy8l4MXXE-GbJPnjZJD7gWI765LDPx9l4KaCvk=",105
105,"https://images.unsplash.com/photo-1586023492125-27b2c045efd7?ixlib=rb-4.0.3&ixid=MnwxMjA3fDB8MHxzZWFyY2h8MTh8fGNoYWlyfGVufDB8fDB8fA%3D%3D&auto=format&fit=crop&w=500&q=60, https://media.istockphoto.com/id/1331305169/photo/black-man-using-smartphone-sitting-in-armchair-near-gray-wall.jpg?b=1&s=170667a&w=0&k=20&c=41-ql-_GQ117LJpvKeZ9gdzSfZMRMFu43x_exDUs6hw=, https://media.istockphoto.com/id/1281696939/photo/blue-armchair-isolated-on-a-white.jpg?b=1&s=170667a&w=0&k=20&c=ADcjTlJwwNPLN1dI0KDW-I7NJHqrV8FWnbcISPrqkqs=, https://media.istockphoto.com/id/1321320083/photo/3d-rendering-of-an-isolated-modern-rattan-wicker-lounge-wooden-chair.jpg?b=1&s=170667a&w=0&k=20&c=z2-aHpy8l4MXXE-GbJPnjZJD7gWI765LDPx9l4KaCvk=",106
106,"https://images.unsplash.com/photo-1586023492125-27b2c045efd7?ixlib=rb-4.0.3&ixid=MnwxMjA3fDB8MHxzZWFyY2h8MTh8fGNoYWlyfGVufDB8fDB8fA%3D%3D&auto=format&fit=crop&w=500&q=60, https://media.istockphoto.com/id/1331305169/photo/black-man-using-smartphone-sitting-in-armchair-near-gray-wall.jpg?b=1&s=170667a&w=0&k=20&c=41-ql-_GQ117LJpvKeZ9gdzSfZMRMFu43x_exDUs6hw=, https://media.istockphoto.com/id/1281696939/photo/blue-armchair-isolated-on-a-white.jpg?b=1&s=170667a&w=0&k=20&c=ADcjTlJwwNPLN1dI0KDW-I7NJHqrV8FWnbcISPrqkqs=, https://media.istockphoto.com/id/1321320083/photo/3d-rendering-of-an-isolated-modern-rattan-wicker-lounge-wooden-chair.jpg?b=1&s=170667a&w=0&k=20&c=z2-aHpy8l4MXXE-GbJPnjZJD7gWI765LDPx9l4KaCvk=",107
107,"https://images.unsplash.com/photo-1586023492125-27b2c045efd7?ixlib=rb-4.0.3&ixid=MnwxMjA3fDB8MHxzZWFyY2h8MTh8fGNoYWlyfGVufDB8fDB8fA%3D%3D&auto=format&fit=crop&w=500&q=60, https://media.istockphoto.com/id/1331305169/photo/black-man-using-smartphone-sitting-in-armchair-near-gray-wall.jpg?b=1&s=170667a&w=0&k=20&c=41-ql-_GQ117LJpvKeZ9gdzSfZMRMFu43x_exDUs6hw=, https://media.istockphoto.com/id/1281696939/photo/blue-armchair-isolated-on-a-white.jpg?b=1&s=170667a&w=0&k=20&c=ADcjTlJwwNPLN1dI0KDW-I7NJHqrV8FWnbcISPrqkqs=, https://media.istockphoto.com/id/1321320083/photo/3d-rendering-of-an-isolated-modern-rattan-wicker-lounge-wooden-chair.jpg?b=1&s=170667a&w=0&k=20&c=z2-aHpy8l4MXXE-GbJPnjZJD7gWI765LDPx9l4KaCvk=",108
108,"https://images.unsplash.com/photo-1586023492125-27b2c045efd7?ixlib=rb-4.0.3&ixid=MnwxMjA3fDB8MHxzZWFyY2h8MTh8fGNoYWlyfGVufDB8fDB8fA%3D%3D&auto=format&fit=crop&w=500&q=60, https://media.istockphoto.com/id/1331305169/photo/black-man-using-smartphone-sitting-in-armchair-near-gray-wall.jpg?b=1&s=170667a&w=0&k=20&c=41-ql-_GQ117LJpvKeZ9gdzSfZMRMFu43x_exDUs6hw=, https://media.istockphoto.com/id/1281696939/photo/blue-armchair-isolated-on-a-white.jpg?b=1&s=170667a&w=0&k=20&c=ADcjTlJwwNPLN1dI0KDW-I7NJHqrV8FWnbcISPrqkqs=, https://media.istockphoto.com/id/1321320083/photo/3d-rendering-of-an-isolated-modern-rattan-wicker-lounge-wooden-chair.jpg?b=1&s=170667a&w=0&k=20&c=z2-aHpy8l4MXXE-GbJPnjZJD7gWI765LDPx9l4KaCvk=",109
109,"https://images.unsplash.com/photo-1586023492125-27b2c045efd7?ixlib=rb-4.0.3&ixid=MnwxMjA3fDB8MHxzZWFyY2h8MTh8fGNoYWlyfGVufDB8fDB8fA%3D%3D&auto=format&fit=crop&w=500&q=60, https://media.istockphoto.com/id/1331305169/photo/black-man-using-smartphone-sitting-in-armchair-near-gray-wall.jpg?b=1&s=170667a&w=0&k=20&c=41-ql-_GQ117LJpvKeZ9gdzSfZMRMFu43x_exDUs6hw=, https://media.istockphoto.com/id/1281696939/photo/blue-armchair-isolated-on-a-white.jpg?b=1&s=170667a&w=0&k=20&c=ADcjTlJwwNPLN1dI0KDW-I7NJHqrV8FWnbcISPrqkqs=, https://media.istockphoto.com/id/1321320083/photo/3d-rendering-of-an-isolated-modern-rattan-wicker-lounge-wooden-chair.jpg?b=1&s=170667a&w=0&k=20&c=z2-aHpy8l4MXXE-GbJPnjZJD7gWI765LDPx9l4KaCvk=",110
110,"https://images.unsplash.com/photo-1586023492125-27b2c045efd7?ixlib=rb-4.0.3&ixid=MnwxMjA3fDB8MHxzZWFyY2h8MTh8fGNoYWlyfGVufDB8fDB8fA%3D%3D&auto=format&fit=crop&w=500&q=60, https://media.istockphoto.com/id/1331305169/photo/black-man-using-smartphone-sitting-in-armchair-near-gray-wall.jpg?b=1&s=170667a&w=0&k=20&c=41-ql-_GQ117LJpvKeZ9gdzSfZMRMFu43x_exDUs6hw=, https://media.istockphoto.com/id/1281696939/photo/blue-armchair-isolated-on-a-white.jpg?b=1&s=170667a&w=0&k=20&c=ADcjTlJwwNPLN1dI0KDW-I7NJHqrV8FWnbcISPrqkqs=, https://media.istockphoto.com/id/1321320083/photo/3d-rendering-of-an-isolated-modern-rattan-wicker-lounge-wooden-chair.jpg?b=1&s=170667a&w=0&k=20&c=z2-aHpy8l4MXXE-GbJPnjZJD7gWI765LDPx9l4KaCvk=",111
111,"https://images.unsplash.com/photo-1586023492125-27b2c045efd7?ixlib=rb-4.0.3&ixid=MnwxMjA3fDB8MHxzZWFyY2h8MTh8fGNoYWlyfGVufDB8fDB8fA%3D%3D&auto=format&fit=crop&w=500&q=60, https://media.istockphoto.com/id/1331305169/photo/black-man-using-smartphone-sitting-in-armchair-near-gray-wall.jpg?b=1&s=170667a&w=0&k=20&c=41-ql-_GQ117LJpvKeZ9gdzSfZMRMFu43x_exDUs6hw=, https://media.istockphoto.com/id/1281696939/photo/blue-armchair-isolated-on-a-white.jpg?b=1&s=170667a&w=0&k=20&c=ADcjTlJwwNPLN1dI0KDW-I7NJHqrV8FWnbcISPrqkqs=, https://media.istockphoto.com/id/1321320083/photo/3d-rendering-of-an-isolated-modern-rattan-wicker-lounge-wooden-chair.jpg?b=1&s=170667a&w=0&k=20&c=z2-aHpy8l4MXXE-GbJPnjZJD7gWI765LDPx9l4KaCvk=",112
112,"https://images.unsplash.com/photo-1586023492125-27b2c045efd7?ixlib=rb-4.0.3&ixid=MnwxMjA3fDB8MHxzZWFyY2h8MTh8fGNoYWlyfGVufDB8fDB8fA%3D%3D&auto=format&fit=crop&w=500&q=60, https://media.istockphoto.com/id/1331305169/photo/black-man-using-smartphone-sitting-in-armchair-near-gray-wall.jpg?b=1&s=170667a&w=0&k=20&c=41-ql-_GQ117LJpvKeZ9gdzSfZMRMFu43x_exDUs6hw=, https://media.istockphoto.com/id/1281696939/photo/blue-armchair-isolated-on-a-white.jpg?b=1&s=170667a&w=0&k=20&c=ADcjTlJwwNPLN1dI0KDW-I7NJHqrV8FWnbcISPrqkqs=, https://media.istockphoto.com/id/1321320083/photo/3d-rendering-of-an-isolated-modern-rattan-wicker-lounge-wooden-chair.jpg?b=1&s=170667a&w=0&k=20&c=z2-aHpy8l4MXXE-GbJPnjZJD7gWI765LDPx9l4KaCvk=",113
113,"https://images.unsplash.com/photo-1586023492125-27b2c045efd7?ixlib=rb-4.0.3&ixid=MnwxMjA3fDB8MHxzZWFyY2h8MTh8fGNoYWlyfGVufDB8fDB8fA%3D%3D&auto=format&fit=crop&w=500&q=60, https://media.istockphoto.com/id/1331305169/photo/black-man-using-smartphone-sitting-in-armchair-near-gray-wall.jpg?b=1&s=170667a&w=0&k=20&c=41-ql-_GQ117LJpvKeZ9gdzSfZMRMFu43x_exDUs6hw=, https://media.istockphoto.com/id/1281696939/photo/blue-armchair-isolated-on-a-white.jpg?b=1&s=170667a&w=0&k=20&c=ADcjTlJwwNPLN1dI0KDW-I7NJHqrV8FWnbcISPrqkqs=, https://media.istockphoto.com/id/1321320083/photo/3d-rendering-of-an-isolated-modern-rattan-wicker-lounge-wooden-chair.jpg?b=1&s=170667a&w=0&k=20&c=z2-aHpy8l4MXXE-GbJPnjZJD7gWI765LDPx9l4KaCvk=",114
114,"https://images.unsplash.com/photo-1586023492125-27b2c045efd7?ixlib=rb-4.0.3&ixid=MnwxMjA3fDB8MHxzZWFyY2h8MTh8fGNoYWlyfGVufDB8fDB8fA%3D%3D&auto=format&fit=crop&w=500&q=60, https://media.istockphoto.com/id/1331305169/photo/black-man-using-smartphone-sitting-in-armchair-near-gray-wall.jpg?b=1&s=170667a&w=0&k=20&c=41-ql-_GQ117LJpvKeZ9gdzSfZMRMFu43x_exDUs6hw=, https://media.istockphoto.com/id/1281696939/photo/blue-armchair-isolated-on-a-white.jpg?b=1&s=170667a&w=0&k=20&c=ADcjTlJwwNPLN1dI0KDW-I7NJHqrV8FWnbcISPrqkqs=, https://media.istockphoto.com/id/1321320083/photo/3d-rendering-of-an-isolated-modern-rattan-wicker-lounge-wooden-chair.jpg?b=1&s=170667a&w=0&k=20&c=z2-aHpy8l4MXXE-GbJPnjZJD7gWI765LDPx9l4KaCvk=",115
115,"https://images.unsplash.com/photo-1586023492125-27b2c045efd7?ixlib=rb-4.0.3&ixid=MnwxMjA3fDB8MHxzZWFyY2h8MTh8fGNoYWlyfGVufDB8fDB8fA%3D%3D&auto=format&fit=crop&w=500&q=60, https://media.istockphoto.com/id/1331305169/photo/black-man-using-smartphone-sitting-in-armchair-near-gray-wall.jpg?b=1&s=170667a&w=0&k=20&c=41-ql-_GQ117LJpvKeZ9gdzSfZMRMFu43x_exDUs6hw=, https://media.istockphoto.com/id/1281696939/photo/blue-armchair-isolated-on-a-white.jpg?b=1&s=170667a&w=0&k=20&c=ADcjTlJwwNPLN1dI0KDW-I7NJHqrV8FWnbcISPrqkqs=, https://media.istockphoto.com/id/1321320083/photo/3d-rendering-of-an-isolated-modern-rattan-wicker-lounge-wooden-chair.jpg?b=1&s=170667a&w=0&k=20&c=z2-aHpy8l4MXXE-GbJPnjZJD7gWI765LDPx9l4KaCvk=",116
116,"https://images.unsplash.com/photo-1586023492125-27b2c045efd7?ixlib=rb-4.0.3&ixid=MnwxMjA3fDB8MHxzZWFyY2h8MTh8fGNoYWlyfGVufDB8fDB8fA%3D%3D&auto=format&fit=crop&w=500&q=60, https://media.istockphoto.com/id/1331305169/photo/black-man-using-smartphone-sitting-in-armchair-near-gray-wall.jpg?b=1&s=170667a&w=0&k=20&c=41-ql-_GQ117LJpvKeZ9gdzSfZMRMFu43x_exDUs6hw=, https://media.istockphoto.com/id/1281696939/photo/blue-armchair-isolated-on-a-white.jpg?b=1&s=170667a&w=0&k=20&c=ADcjTlJwwNPLN1dI0KDW-I7NJHqrV8FWnbcISPrqkqs=, https://media.istockphoto.com/id/1321320083/photo/3d-rendering-of-an-isolated-modern-rattan-wicker-lounge-wooden-chair.jpg?b=1&s=170667a&w=0&k=20&c=z2-aHpy8l4MXXE-GbJPnjZJD7gWI765LDPx9l4KaCvk=",117
117,"https://images.unsplash.com/photo-1586023492125-27b2c045efd7?ixlib=rb-4.0.3&ixid=MnwxMjA3fDB8MHxzZWFyY2h8MTh8fGNoYWlyfGVufDB8fDB8fA%3D%3D&auto=format&fit=crop&w=500&q=60, https://media.istockphoto.com/id/1331305169/photo/black-man-using-smartphone-sitting-in-armchair-near-gray-wall.jpg?b=1&s=170667a&w=0&k=20&c=41-ql-_GQ117LJpvKeZ9gdzSfZMRMFu43x_exDUs6hw=, https://media.istockphoto.com/id/1281696939/photo/blue-armchair-isolated-on-a-white.jpg?b=1&s=170667a&w=0&k=20&c=ADcjTlJwwNPLN1dI0KDW-I7NJHqrV8FWnbcISPrqkqs=, https://media.istockphoto.com/id/1321320083/photo/3d-rendering-of-an-isolated-modern-rattan-wicker-lounge-wooden-chair.jpg?b=1&s=170667a&w=0&k=20&c=z2-aHpy8l4MXXE-GbJPnjZJD7gWI765LDPx9l4KaCvk=",118
118,"https://images.unsplash.com/photo-1586023492125-27b2c045efd7?ixlib=rb-4.0.3&ixid=MnwxMjA3fDB8MHxzZWFyY2h8MTh8fGNoYWlyfGVufDB8fDB8fA%3D%3D&auto=format&fit=crop&w=500&q=60, https://media.istockphoto.com/id/1331305169/photo/black-man-using-smartphone-sitting-in-armchair-near-gray-wall.jpg?b=1&s=170667a&w=0&k=20&c=41-ql-_GQ117LJpvKeZ9gdzSfZMRMFu43x_exDUs6hw=, https://media.istockphoto.com/id/1281696939/photo/blue-armchair-isolated-on-a-white.jpg?b=1&s=170667a&w=0&k=20&c=ADcjTlJwwNPLN1dI0KDW-I7NJHqrV8FWnbcISPrqkqs=, https://media.istockphoto.com/id/1321320083/photo/3d-rendering-of-an-isolated-modern-rattan-wicker-lounge-wooden-chair.jpg?b=1&s=170667a&w=0&k=20&c=z2-aHpy8l4MXXE-GbJPnjZJD7gWI765LDPx9l4KaCvk=",119
119,"https://images.unsplash.com/photo-1586023492125-27b2c045efd7?ixlib=rb-4.0.3&ixid=MnwxMjA3fDB8MHxzZWFyY2h8MTh8fGNoYWlyfGVufDB8fDB8fA%3D%3D&auto=format&fit=crop&w=500&q=60, https://media.istockphoto.com/id/1331305169/photo/black-man-using-smartphone-sitting-in-armchair-near-gray-wall.jpg?b=1&s=170667a&w=0&k=20&c=41-ql-_GQ117LJpvKeZ9gdzSfZMRMFu43x_exDUs6hw=, https://media.istockphoto.com/id/1281696939/photo/blue-armchair-isolated-on-a-white.jpg?b=1&s=170667a&w=0&k=20&c=ADcjTlJwwNPLN1dI0KDW-I7NJHqrV8FWnbcISPrqkqs=, https://media.istockphoto.com/id/1321320083/photo/3d-rendering-of-an-isolated-modern-rattan-wicker-lounge-wooden-chair.jpg?b=1&s=170667a&w=0&k=20&c=z2-aHpy8l4MXXE-GbJPnjZJD7gWI765LDPx9l4KaCvk=",120
120,"https://images.unsplash.com/photo-1586023492125-27b2c045efd7?ixlib=rb-4.0.3&ixid=MnwxMjA3fDB8MHxzZWFyY2h8MTh8fGNoYWlyfGVufDB8fDB8fA%3D%3D&auto=format&fit=crop&w=500&q=60, https://media.istockphoto.com/id/1331305169/photo/black-man-using-smartphone-sitting-in-armchair-near-gray-wall.jpg?b=1&s=170667a&w=0&k=20&c=41-ql-_GQ117LJpvKeZ9gdzSfZMRMFu43x_exDUs6hw=, https://media.istockphoto.com/id/1281696939/photo/blue-armchair-isolated-on-a-white.jpg?b=1&s=170667a&w=0&k=20&c=ADcjTlJwwNPLN1dI0KDW-I7NJHqrV8FWnbcISPrqkqs=, https://media.istockphoto.com/id/1321320083/photo/3d-rendering-of-an-isolated-modern-rattan-wicker-lounge-wooden-chair.jpg?b=1&s=170667a&w=0&k=20&c=z2-aHpy8l4MXXE-GbJPnjZJD7gWI765LDPx9l4KaCvk=",121
121,"https://images.unsplash.com/photo-1586023492125-27b2c045efd7?ixlib=rb-4.0.3&ixid=MnwxMjA3fDB8MHxzZWFyY2h8MTh8fGNoYWlyfGVufDB8fDB8fA%3D%3D&auto=format&fit=crop&w=500&q=60, https://media.istockphoto.com/id/1331305169/photo/black-man-using-smartphone-sitting-in-armchair-near-gray-wall.jpg?b=1&s=170667a&w=0&k=20&c=41-ql-_GQ117LJpvKeZ9gdzSfZMRMFu43x_exDUs6hw=, https://media.istockphoto.com/id/1281696939/photo/blue-armchair-isolated-on-a-white.jpg?b=1&s=170667a&w=0&k=20&c=ADcjTlJwwNPLN1dI0KDW-I7NJHqrV8FWnbcISPrqkqs=, https://media.istockphoto.com/id/1321320083/photo/3d-rendering-of-an-isolated-modern-rattan-wicker-lounge-wooden-chair.jpg?b=1&s=170667a&w=0&k=20&c=z2-aHpy8l4MXXE-GbJPnjZJD7gWI765LDPx9l4KaCvk=",122
122,"https://images.unsplash.com/photo-1586023492125-27b2c045efd7?ixlib=rb-4.0.3&ixid=MnwxMjA3fDB8MHxzZWFyY2h8MTh8fGNoYWlyfGVufDB8fDB8fA%3D%3D&auto=format&fit=crop&w=500&q=60, https://media.istockphoto.com/id/1331305169/photo/black-man-using-smartphone-sitting-in-armchair-near-gray-wall.jpg?b=1&s=170667a&w=0&k=20&c=41-ql-_GQ117LJpvKeZ9gdzSfZMRMFu43x_exDUs6hw=, https://media.istockphoto.com/id/1281696939/photo/blue-armchair-isolated-on-a-white.jpg?b=1&s=170667a&w=0&k=20&c=ADcjTlJwwNPLN1dI0KDW-I7NJHqrV8FWnbcISPrqkqs=, https://media.istockphoto.com/id/1321320083/photo/3d-rendering-of-an-isolated-modern-rattan-wicker-lounge-wooden-chair.jpg?b=1&s=170667a&w=0&k=20&c=z2-aHpy8l4MXXE-GbJPnjZJD7gWI765LDPx9l4KaCvk=",123
123,"https://images.unsplash.com/photo-1586023492125-27b2c045efd7?ixlib=rb-4.0.3&ixid=MnwxMjA3fDB8MHxzZWFyY2h8MTh8fGNoYWlyfGVufDB8fDB8fA%3D%3D&auto=format&fit=crop&w=500&q=60, https://media.istockphoto.com/id/1331305169/photo/black-man-using-smartphone-sitting-in-armchair-near-gray-wall.jpg?b=1&s=170667a&w=0&k=20&c=41-ql-_GQ117LJpvKeZ9gdzSfZMRMFu43x_exDUs6hw=, https://media.istockphoto.com/id/1281696939/photo/blue-armchair-isolated-on-a-white.jpg?b=1&s=170667a&w=0&k=20&c=ADcjTlJwwNPLN1dI0KDW-I7NJHqrV8FWnbcISPrqkqs=, https://media.istockphoto.com/id/1321320083/photo/3d-rendering-of-an-isolated-modern-rattan-wicker-lounge-wooden-chair.jpg?b=1&s=170667a&w=0&k=20&c=z2-aHpy8l4MXXE-GbJPnjZJD7gWI765LDPx9l4KaCvk=",124
124,"https://images.unsplash.com/photo-1586023492125-27b2c045efd7?ixlib=rb-4.0.3&ixid=MnwxMjA3fDB8MHxzZWFyY2h8MTh8fGNoYWlyfGVufDB8fDB8fA%3D%3D&auto=format&fit=crop&w=500&q=60, https://media.istockphoto.com/id/1331305169/photo/black-man-using-smartphone-sitting-in-armchair-near-gray-wall.jpg?b=1&s=170667a&w=0&k=20&c=41-ql-_GQ117LJpvKeZ9gdzSfZMRMFu43x_exDUs6hw=, https://media.istockphoto.com/id/1281696939/photo/blue-armchair-isolated-on-a-white.jpg?b=1&s=170667a&w=0&k=20&c=ADcjTlJwwNPLN1dI0KDW-I7NJHqrV8FWnbcISPrqkqs=, https://media.istockphoto.com/id/1321320083/photo/3d-rendering-of-an-isolated-modern-rattan-wicker-lounge-wooden-chair.jpg?b=1&s=170667a&w=0&k=20&c=z2-aHpy8l4MXXE-GbJPnjZJD7gWI765LDPx9l4KaCvk=",125
125,"https://images.unsplash.com/photo-1586023492125-27b2c045efd7?ixlib=rb-4.0.3&ixid=MnwxMjA3fDB8MHxzZWFyY2h8MTh8fGNoYWlyfGVufDB8fDB8fA%3D%3D&auto=format&fit=crop&w=500&q=60, https://media.istockphoto.com/id/1331305169/photo/black-man-using-smartphone-sitting-in-armchair-near-gray-wall.jpg?b=1&s=170667a&w=0&k=20&c=41-ql-_GQ117LJpvKeZ9gdzSfZMRMFu43x_exDUs6hw=, https://media.istockphoto.com/id/1281696939/photo/blue-armchair-isolated-on-a-white.jpg?b=1&s=170667a&w=0&k=20&c=ADcjTlJwwNPLN1dI0KDW-I7NJHqrV8FWnbcISPrqkqs=, https://media.istockphoto.com/id/1321320083/photo/3d-rendering-of-an-isolated-modern-rattan-wicker-lounge-wooden-chair.jpg?b=1&s=170667a&w=0&k=20&c=z2-aHpy8l4MXXE-GbJPnjZJD7gWI765LDPx9l4KaCvk=",126
126,"https://images.unsplash.com/photo-1586023492125-27b2c045efd7?ixlib=rb-4.0.3&ixid=MnwxMjA3fDB8MHxzZWFyY2h8MTh8fGNoYWlyfGVufDB8fDB8fA%3D%3D&auto=format&fit=crop&w=500&q=60, https://media.istockphoto.com/id/1331305169/photo/black-man-using-smartphone-sitting-in-armchair-near-gray-wall.jpg?b=1&s=170667a&w=0&k=20&c=41-ql-_GQ117LJpvKeZ9gdzSfZMRMFu43x_exDUs6hw=, https://media.istockphoto.com/id/1281696939/photo/blue-armchair-isolated-on-a-white.jpg?b=1&s=170667a&w=0&k=20&c=ADcjTlJwwNPLN1dI0KDW-I7NJHqrV8FWnbcISPrqkqs=, https://media.istockphoto.com/id/1321320083/photo/3d-rendering-of-an-isolated-modern-rattan-wicker-lounge-wooden-chair.jpg?b=1&s=170667a&w=0&k=20&c=z2-aHpy8l4MXXE-GbJPnjZJD7gWI765LDPx9l4KaCvk=",127
127,"https://images.unsplash.com/photo-1586023492125-27b2c045efd7?ixlib=rb-4.0.3&ixid=MnwxMjA3fDB8MHxzZWFyY2h8MTh8fGNoYWlyfGVufDB8fDB8fA%3D%3D&auto=format&fit=crop&w=500&q=60, https://media.istockphoto.com/id/1331305169/photo/black-man-using-smartphone-sitting-in-armchair-near-gray-wall.jpg?b=1&s=170667a&w=0&k=20&c=41-ql-_GQ117LJpvKeZ9gdzSfZMRMFu43x_exDUs6hw=, https://media.istockphoto.com/id/1281696939/photo/blue-armchair-isolated-on-a-white.jpg?b=1&s=170667a&w=0&k=20&c=ADcjTlJwwNPLN1dI0KDW-I7NJHqrV8FWnbcISPrqkqs=, https://media.istockphoto.com/id/1321320083/photo/3d-rendering-of-an-isolated-modern-rattan-wicker-lounge-wooden-chair.jpg?b=1&s=170667a&w=0&k=20&c=z2-aHpy8l4MXXE-GbJPnjZJD7gWI765LDPx9l4KaCvk=",128
128,"https://images.unsplash.com/photo-1586023492125-27b2c045efd7?ixlib=rb-4.0.3&ixid=MnwxMjA3fDB8MHxzZWFyY2h8MTh8fGNoYWlyfGVufDB8fDB8fA%3D%3D&auto=format&fit=crop&w=500&q=60, https://media.istockphoto.com/id/1331305169/photo/black-man-using-smartphone-sitting-in-armchair-near-gray-wall.jpg?b=1&s=170667a&w=0&k=20&c=41-ql-_GQ117LJpvKeZ9gdzSfZMRMFu43x_exDUs6hw=, https://media.istockphoto.com/id/1281696939/photo/blue-armchair-isolated-on-a-white.jpg?b=1&s=170667a&w=0&k=20&c=ADcjTlJwwNPLN1dI0KDW-I7NJHqrV8FWnbcISPrqkqs=, https://media.istockphoto.com/id/1321320083/photo/3d-rendering-of-an-isolated-modern-rattan-wicker-lounge-wooden-chair.jpg?b=1&s=170667a&w=0&k=20&c=z2-aHpy8l4MXXE-GbJPnjZJD7gWI765LDPx9l4KaCvk=",129
129,"https://images.unsplash.com/photo-1586023492125-27b2c045efd7?ixlib=rb-4.0.3&ixid=MnwxMjA3fDB8MHxzZWFyY2h8MTh8fGNoYWlyfGVufDB8fDB8fA%3D%3D&auto=format&fit=crop&w=500&q=60, https://media.istockphoto.com/id/1331305169/photo/black-man-using-smartphone-sitting-in-armchair-near-gray-wall.jpg?b=1&s=170667a&w=0&k=20&c=41-ql-_GQ117LJpvKeZ9gdzSfZMRMFu43x_exDUs6hw=, https://media.istockphoto.com/id/1281696939/photo/blue-armchair-isolated-on-a-white.jpg?b=1&s=170667a&w=0&k=20&c=ADcjTlJwwNPLN1dI0KDW-I7NJHqrV8FWnbcISPrqkqs=, https://media.istockphoto.com/id/1321320083/photo/3d-rendering-of-an-isolated-modern-rattan-wicker-lounge-wooden-chair.jpg?b=1&s=170667a&w=0&k=20&c=z2-aHpy8l4MXXE-GbJPnjZJD7gWI765LDPx9l4KaCvk=",130
